{
  "_comment" : "Created with OWL2VOWL (version 0.3.5), http://vowl.visualdataweb.org",
  "header" : {
    "languages" : [ "ja", "en", "es", "undefined" ],
    "baseIris" : [ "http://www.w3.org/1999/02/22-rdf-syntax-ns", "http://purl.obolibrary.org/obo", "http://www.w3.org/2000/01/rdf-schema", "http://www.w3.org/2001/XMLSchema", "https://purl.org/turbbo", "http://xmlns.com/foaf/0.1", "http://www.ontology-of-units-of-measure.org/resource/om-2", "http://www.w3.org/2006/time" ],
    "title" : {
      "undefined" : "Behaviour Ontology"
    },
    "iri" : "https://purl.org/turbbo",
    "comments" : {
      "undefined" : "The TURBBO ontologies are at the early stages of development. The upper level ontology core file imports four files which can be resolved with Protege as follows:\r\n\r\n1. Download the om-imports.owl, sepio-imports.owl, FOAF-imports.owl and time-imports.owl files from the private project GitHub repository.\r\n\r\n2. Directly import the downloaded files with Protege.\r\n\r\nAt a later stage in the development, the imported files will be accessible from a web location."
    },
    "other" : {
      "title" : [ {
        "identifier" : "title",
        "language" : "undefined",
        "value" : "Behaviour Ontology",
        "type" : "label"
      } ]
    }
  },
  "namespace" : [ ],
  "class" : [ {
    "id" : "3",
    "type" : "owl:Class"
  }, {
    "id" : "8",
    "type" : "owl:Class"
  }, {
    "id" : "12",
    "type" : "owl:Class"
  }, {
    "id" : "13",
    "type" : "owl:Class"
  }, {
    "id" : "14",
    "type" : "owl:Class"
  }, {
    "id" : "21",
    "type" : "owl:Class"
  }, {
    "id" : "23",
    "type" : "owl:Class"
  }, {
    "id" : "24",
    "type" : "owl:Class"
  }, {
    "id" : "39",
    "type" : "owl:Class"
  }, {
    "id" : "29",
    "type" : "owl:Class"
  }, {
    "id" : "50",
    "type" : "owl:Class"
  }, {
    "id" : "44",
    "type" : "owl:Class"
  }, {
    "id" : "56",
    "type" : "owl:Class"
  }, {
    "id" : "11",
    "type" : "owl:Class"
  }, {
    "id" : "57",
    "type" : "owl:Class"
  }, {
    "id" : "55",
    "type" : "owl:Class"
  }, {
    "id" : "58",
    "type" : "owl:Class"
  }, {
    "id" : "60",
    "type" : "owl:Thing"
  }, {
    "id" : "61",
    "type" : "rdfs:Literal"
  }, {
    "id" : "62",
    "type" : "owl:Class"
  }, {
    "id" : "65",
    "type" : "owl:Thing"
  }, {
    "id" : "66",
    "type" : "rdfs:Datatype"
  }, {
    "id" : "67",
    "type" : "rdfs:Literal"
  }, {
    "id" : "68",
    "type" : "owl:Thing"
  }, {
    "id" : "70",
    "type" : "rdfs:Literal"
  }, {
    "id" : "71",
    "type" : "owl:Class"
  }, {
    "id" : "72",
    "type" : "rdfs:Datatype"
  }, {
    "id" : "73",
    "type" : "rdfs:Literal"
  }, {
    "id" : "75",
    "type" : "owl:Class"
  }, {
    "id" : "78",
    "type" : "owl:Class"
  }, {
    "id" : "79",
    "type" : "owl:Class"
  }, {
    "id" : "77",
    "type" : "owl:Class"
  }, {
    "id" : "84",
    "type" : "owl:Class"
  }, {
    "id" : "2",
    "type" : "owl:Class"
  }, {
    "id" : "49",
    "type" : "owl:Class"
  }, {
    "id" : "1",
    "type" : "owl:Class"
  }, {
    "id" : "83",
    "type" : "owl:Class"
  }, {
    "id" : "33",
    "type" : "owl:Class"
  }, {
    "id" : "4",
    "type" : "owl:Class"
  }, {
    "id" : "27",
    "type" : "owl:Class"
  }, {
    "id" : "52",
    "type" : "owl:Class"
  }, {
    "id" : "122",
    "type" : "owl:Class"
  }, {
    "id" : "30",
    "type" : "owl:Class"
  }, {
    "id" : "111",
    "type" : "owl:Class"
  }, {
    "id" : "37",
    "type" : "owl:Class"
  }, {
    "id" : "20",
    "type" : "owl:Class"
  }, {
    "id" : "127",
    "type" : "owl:Class"
  }, {
    "id" : "7",
    "type" : "owl:Class"
  }, {
    "id" : "42",
    "type" : "owl:Class"
  }, {
    "id" : "22",
    "type" : "owl:Class"
  }, {
    "id" : "45",
    "type" : "owl:Class"
  }, {
    "id" : "59",
    "type" : "owl:Class"
  }, {
    "id" : "131",
    "type" : "owl:Class"
  }, {
    "id" : "109",
    "type" : "owl:Class"
  }, {
    "id" : "103",
    "type" : "rdfs:Literal"
  }, {
    "id" : "105",
    "type" : "rdfs:Datatype"
  }, {
    "id" : "63",
    "type" : "rdfs:Datatype"
  }, {
    "id" : "99",
    "type" : "owl:Class"
  }, {
    "id" : "64",
    "type" : "rdfs:Datatype"
  }, {
    "id" : "40",
    "type" : "rdfs:Datatype"
  }, {
    "id" : "41",
    "type" : "rdfs:Datatype"
  }, {
    "id" : "119",
    "type" : "owl:Class"
  }, {
    "id" : "47",
    "type" : "owl:Class"
  }, {
    "id" : "35",
    "type" : "owl:Class"
  }, {
    "id" : "6",
    "type" : "owl:Class"
  }, {
    "id" : "32",
    "type" : "owl:Class"
  }, {
    "id" : "114",
    "type" : "owl:Class"
  }, {
    "id" : "43",
    "type" : "owl:Class"
  }, {
    "id" : "107",
    "type" : "owl:Class"
  }, {
    "id" : "16",
    "type" : "owl:Class"
  }, {
    "id" : "96",
    "type" : "owl:Class"
  }, {
    "id" : "92",
    "type" : "owl:Class"
  }, {
    "id" : "90",
    "type" : "owl:Class"
  }, {
    "id" : "88",
    "type" : "owl:Class"
  }, {
    "id" : "9",
    "type" : "owl:Class"
  } ],
  "classAttribute" : [ {
    "iri" : "https://purl.org/turbbo#Point-biserial",
    "baseIri" : "https://purl.org/turbbo",
    "instances" : 0,
    "label" : {
      "IRI-based" : "Point-biserial",
      "undefined" : "Point-biserial"
    },
    "id" : "3",
    "superClasses" : [ "4" ]
  }, {
    "iri" : "http://www.w3.org/2006/time#Interval",
    "baseIri" : "http://www.w3.org/2006/time",
    "instances" : 0,
    "annotations" : {
      "definition" : [ {
        "identifier" : "definition",
        "language" : "en",
        "value" : "A temporal entity with an extent or duration",
        "type" : "label"
      }, {
        "identifier" : "definition",
        "language" : "en",
        "value" : "A temporal entity with an extent or duration",
        "type" : "label"
      }, {
        "identifier" : "definition",
        "language" : "es",
        "value" : "Una entidad temporal con una extensión o duración.",
        "type" : "label"
      }, {
        "identifier" : "definition",
        "language" : "es",
        "value" : "Una entidad temporal con una extensión o duración.",
        "type" : "label"
      } ]
    },
    "label" : {
      "IRI-based" : "Interval",
      "en" : "Time interval",
      "es" : "intervalo de tiempo"
    },
    "comment" : {
      "en" : "A temporal entity with an extent or duration",
      "es" : "Una entidad temporal con una extensión o duración."
    },
    "attributes" : [ "external" ],
    "id" : "8",
    "superClasses" : [ "9" ]
  }, {
    "iri" : "http://xmlns.com/foaf/0.1/Agent",
    "baseIri" : "http://xmlns.com/foaf/0.1",
    "instances" : 0,
    "label" : {
      "IRI-based" : "Agent"
    },
    "attributes" : [ "external" ],
    "id" : "12"
  }, {
    "iri" : "http://www.ontology-of-units-of-measure.org/resource/om-2/Unit",
    "baseIri" : "http://www.ontology-of-units-of-measure.org/resource/om-2",
    "instances" : 0,
    "annotations" : {
      "alternativeLabel" : [ {
        "identifier" : "alternativeLabel",
        "language" : "ja",
        "value" : "測定の単位",
        "type" : "label"
      }, {
        "identifier" : "alternativeLabel",
        "language" : "en",
        "value" : "unit of measure",
        "type" : "label"
      }, {
        "identifier" : "alternativeLabel",
        "language" : "en",
        "value" : "unit of measure",
        "type" : "label"
      }, {
        "identifier" : "alternativeLabel",
        "language" : "ja",
        "value" : "測定単位",
        "type" : "label"
      }, {
        "identifier" : "alternativeLabel",
        "language" : "ja",
        "value" : "測定の単位",
        "type" : "label"
      }, {
        "identifier" : "alternativeLabel",
        "language" : "ja",
        "value" : "測定単位",
        "type" : "label"
      }, {
        "identifier" : "alternativeLabel",
        "language" : "en",
        "value" : "unit of measurement",
        "type" : "label"
      }, {
        "identifier" : "alternativeLabel",
        "language" : "en",
        "value" : "unit of measurement",
        "type" : "label"
      } ]
    },
    "label" : {
      "IRI-based" : "Unit",
      "ja" : "単位",
      "en" : "Unit"
    },
    "comment" : {
      "ja" : "測定単位とは，量の確定的な大きさであり，慣例又は法律によって定義し採用されている。同じ量の測定の標準として用いられ，他の如何なる量の値も当該単位の単純な倍数として表わせる。例えば，長さも量である; メートルは長さの単位であり，確定的な所定の長さを表している。10メートル（又は10 m）とは，「メートル」と呼ばれる確定的な所定の長さの10倍を，実際に意味している。",
      "en" : "A unit of measure is a definite magnitude of a quantity, defined and adopted by convention or by law. It is used as a standard for measurement of the same quantity, where any other value of the quantity can be expressed as a simple multiple of the unit. For example, length is a quantity; the metre is a unit of length that represents a definite predetermined length. When we say 10 metre (or 10 m), we actually mean 10 times the definite predetermined length called \"metre\"."
    },
    "attributes" : [ "external" ],
    "id" : "13"
  }, {
    "iri" : "https://purl.org/turbbo#Spearman’s",
    "baseIri" : "https://purl.org/turbbo",
    "instances" : 0,
    "label" : {
      "IRI-based" : "Spearman’s",
      "undefined" : "Spearman’s"
    },
    "id" : "14",
    "superClasses" : [ "4" ]
  }, {
    "iri" : "https://purl.org/turbbo#autonomous",
    "baseIri" : "https://purl.org/turbbo",
    "instances" : 0,
    "label" : {
      "IRI-based" : "autonomous"
    },
    "id" : "21",
    "superClasses" : [ "22" ]
  }, {
    "iri" : "https://purl.org/turbbo#Motivation",
    "baseIri" : "https://purl.org/turbbo",
    "instances" : 0,
    "label" : {
      "IRI-based" : "Motivation",
      "undefined" : "Motivation"
    },
    "id" : "23"
  }, {
    "iri" : "https://purl.org/turbbo#Legality",
    "baseIri" : "https://purl.org/turbbo",
    "instances" : 0,
    "label" : {
      "IRI-based" : "Legality",
      "undefined" : "Legality"
    },
    "id" : "24"
  }, {
    "instances" : 0,
    "union" : [ "40", "41" ],
    "attributes" : [ "anonymous", "union" ],
    "id" : "39"
  }, {
    "instances" : 0,
    "union" : [ "42", "43", "44", "45" ],
    "attributes" : [ "anonymous", "union" ],
    "id" : "29"
  }, {
    "iri" : "https://purl.org/turbbo#CorrelationCoefficientConversionTool",
    "baseIri" : "https://purl.org/turbbo",
    "instances" : 0,
    "label" : {
      "IRI-based" : "CorrelationCoefficientConversionTool",
      "undefined" : "Correlation Coefficient Conversion Tool"
    },
    "subClasses" : [ "49" ],
    "id" : "50"
  }, {
    "iri" : "https://purl.org/turbbo#Context",
    "baseIri" : "https://purl.org/turbbo",
    "instances" : 0,
    "label" : {
      "IRI-based" : "Context",
      "undefined" : "Context"
    },
    "id" : "44"
  }, {
    "iri" : "http://purl.obolibrary.org/obo/SEPIO_0000125",
    "baseIri" : "http://purl.obolibrary.org/obo",
    "instances" : 0,
    "label" : {
      "IRI-based" : "SEPIO_0000125"
    },
    "attributes" : [ "external" ],
    "id" : "56"
  }, {
    "iri" : "https://purl.org/turbbo#Material",
    "baseIri" : "https://purl.org/turbbo",
    "instances" : 0,
    "label" : {
      "IRI-based" : "Material",
      "undefined" : "Material"
    },
    "id" : "11"
  }, {
    "iri" : "https://purl.org/turbbo#Skill",
    "baseIri" : "https://purl.org/turbbo",
    "instances" : 0,
    "annotations" : {
      "synonym" : [ {
        "identifier" : "synonym",
        "language" : "undefined",
        "value" : "Knowledge",
        "type" : "label"
      } ],
      "noteToSelf" : [ {
        "identifier" : "noteToSelf",
        "language" : "undefined",
        "value" : "further discussion on Knowledge and Skill. Also decide on how to include expertise level for a skill.",
        "type" : "label"
      } ]
    },
    "label" : {
      "IRI-based" : "Skill"
    },
    "id" : "57"
  }, {
    "iri" : "https://purl.org/turbbo#Intention",
    "baseIri" : "https://purl.org/turbbo",
    "instances" : 0,
    "label" : {
      "IRI-based" : "Intention",
      "undefined" : "Intention"
    },
    "id" : "55"
  }, {
    "iri" : "https://purl.org/turbbo#Eta_Squared",
    "baseIri" : "https://purl.org/turbbo",
    "instances" : 0,
    "label" : {
      "IRI-based" : "Eta_Squared",
      "undefined" : "Eta Squared"
    },
    "id" : "58",
    "superClasses" : [ "59" ]
  }, {
    "iri" : "http://www.w3.org/2002/07/owl#Thing",
    "baseIri" : "http://owl2vowl.de",
    "id" : "60",
    "label" : {
      "undefined" : "Thing"
    }
  }, {
    "iri" : "http://www.w3.org/2000/01/rdf-schema#Literal",
    "id" : "61",
    "label" : {
      "IRI-based" : "Literal",
      "undefined" : "Literal"
    }
  }, {
    "instances" : 0,
    "union" : [ "63", "64" ],
    "attributes" : [ "anonymous", "union" ],
    "id" : "62"
  }, {
    "iri" : "http://www.w3.org/2002/07/owl#Thing",
    "baseIri" : "http://owl2vowl.de",
    "id" : "65",
    "label" : {
      "undefined" : "Thing"
    }
  }, {
    "iri" : "http://www.w3.org/2001/XMLSchema#int",
    "baseIri" : "http://www.w3.org/2001/XMLSchema",
    "id" : "66",
    "label" : {
      "IRI-based" : "int"
    }
  }, {
    "iri" : "http://www.w3.org/2000/01/rdf-schema#Literal",
    "id" : "67",
    "label" : {
      "IRI-based" : "Literal",
      "undefined" : "Literal"
    }
  }, {
    "iri" : "http://www.w3.org/2002/07/owl#Thing",
    "baseIri" : "http://owl2vowl.de",
    "id" : "68",
    "label" : {
      "undefined" : "Thing"
    }
  }, {
    "iri" : "http://www.w3.org/2000/01/rdf-schema#Literal",
    "baseIri" : "http://www.w3.org/2000/01/rdf-schema",
    "id" : "70",
    "label" : {
      "IRI-based" : "Literal",
      "undefined" : "Literal"
    }
  }, {
    "iri" : "http://xmlns.com/foaf/0.1/Person",
    "baseIri" : "http://xmlns.com/foaf/0.1",
    "instances" : 0,
    "label" : {
      "IRI-based" : "Person",
      "undefined" : "Person"
    },
    "attributes" : [ "external" ],
    "id" : "71"
  }, {
    "iri" : "http://www.w3.org/2001/XMLSchema#decimal",
    "baseIri" : "http://www.w3.org/2001/XMLSchema",
    "id" : "72",
    "label" : {
      "IRI-based" : "decimal"
    }
  }, {
    "iri" : "http://www.w3.org/2000/01/rdf-schema#Literal",
    "baseIri" : "http://www.w3.org/2000/01/rdf-schema",
    "id" : "73",
    "label" : {
      "IRI-based" : "Literal",
      "undefined" : "Literal"
    }
  }, {
    "iri" : "https://purl.org/turbbo#Action",
    "baseIri" : "https://purl.org/turbbo",
    "instances" : 0,
    "label" : {
      "IRI-based" : "Action",
      "undefined" : "Action"
    },
    "id" : "75"
  }, {
    "iri" : "https://purl.org/turbbo#Intrinsic",
    "baseIri" : "https://purl.org/turbbo",
    "instances" : 0,
    "label" : {
      "IRI-based" : "Intrinsic"
    },
    "id" : "78",
    "superClasses" : [ "22" ]
  }, {
    "iri" : "https://purl.org/turbbo#OWLClass_00000000000000000004",
    "baseIri" : "https://purl.org/turbbo",
    "instances" : 0,
    "label" : {
      "IRI-based" : "OWLClass_00000000000000000004",
      "en" : "MeasureValue"
    },
    "id" : "79"
  }, {
    "iri" : "https://purl.org/turbbo#OWLClass_00000000000000000000",
    "baseIri" : "https://purl.org/turbbo",
    "instances" : 0,
    "label" : {
      "IRI-based" : "OWLClass_00000000000000000000",
      "en" : "Frequency"
    },
    "id" : "77",
    "superClasses" : [ "9" ]
  }, {
    "iri" : "https://purl.org/turbbo#Facilitator",
    "baseIri" : "https://purl.org/turbbo",
    "instances" : 0,
    "label" : {
      "IRI-based" : "Facilitator",
      "undefined" : "Facilitator"
    },
    "id" : "84"
  }, {
    "iri" : "https://purl.org/turbbo#Barrier",
    "baseIri" : "https://purl.org/turbbo",
    "instances" : 0,
    "label" : {
      "IRI-based" : "Barrier",
      "undefined" : "Barrier"
    },
    "id" : "2"
  }, {
    "iri" : "https://purl.org/turbbo#Psychometrica",
    "baseIri" : "https://purl.org/turbbo",
    "instances" : 0,
    "label" : {
      "IRI-based" : "Psychometrica"
    },
    "id" : "49",
    "superClasses" : [ "50" ]
  }, {
    "iri" : "https://purl.org/turbbo#Behaviour",
    "baseIri" : "https://purl.org/turbbo",
    "instances" : 0,
    "label" : {
      "IRI-based" : "Behaviour",
      "undefined" : "Behaviour"
    },
    "individuals" : [ {
      "iri" : "https://purl.org/turbbo/000000079",
      "baseIri" : "https://purl.org/turbbo",
      "labels" : {
        "IRI-based" : "000000079",
        "undefined" : "green apparel shopping"
      }
    }, {
      "iri" : "https://purl.org/turbbo/000000080",
      "baseIri" : "https://purl.org/turbbo",
      "labels" : {
        "IRI-based" : "000000080",
        "undefined" : "past recycling"
      }
    } ],
    "id" : "1"
  }, {
    "iri" : "https://purl.org/turbbo#Setting",
    "baseIri" : "https://purl.org/turbbo",
    "instances" : 0,
    "annotations" : {
      "definition" : [ {
        "identifier" : "definition",
        "language" : "undefined",
        "value" : "The environment within which a behaviour occurs. For example, at home, in school, etc.",
        "type" : "label"
      } ]
    },
    "label" : {
      "IRI-based" : "Setting"
    },
    "id" : "83"
  }, {
    "iri" : "http://purl.obolibrary.org/obo/IAO_0000311",
    "baseIri" : "http://purl.obolibrary.org/obo",
    "instances" : 0,
    "label" : {
      "IRI-based" : "IAO_0000311"
    },
    "subClasses" : [ "47", "35", "32" ],
    "attributes" : [ "external" ],
    "id" : "33"
  }, {
    "iri" : "https://purl.org/turbbo#Correlation_Type",
    "baseIri" : "https://purl.org/turbbo",
    "instances" : 0,
    "label" : {
      "IRI-based" : "Correlation_Type",
      "undefined" : "Correlation Type"
    },
    "subClasses" : [ "3", "37", "27", "14" ],
    "id" : "4"
  }, {
    "iri" : "https://purl.org/turbbo#Kendall_rank",
    "baseIri" : "https://purl.org/turbbo",
    "instances" : 0,
    "label" : {
      "IRI-based" : "Kendall_rank",
      "undefined" : "Kendall rank"
    },
    "id" : "27",
    "superClasses" : [ "4" ]
  }, {
    "iri" : "https://purl.org/turbbo#OWLClass_0000005",
    "baseIri" : "https://purl.org/turbbo",
    "instances" : 0,
    "label" : {
      "IRI-based" : "OWLClass_0000005",
      "en" : "DOI"
    },
    "id" : "52"
  }, {
    "iri" : "https://purl.org/turbbo#Goal",
    "baseIri" : "https://purl.org/turbbo",
    "instances" : 0,
    "label" : {
      "IRI-based" : "Goal",
      "undefined" : "Goal"
    },
    "id" : "122"
  }, {
    "iri" : "http://www.ontology-of-units-of-measure.org/resource/om-2/Measure",
    "baseIri" : "http://www.ontology-of-units-of-measure.org/resource/om-2",
    "instances" : 0,
    "label" : {
      "IRI-based" : "Measure",
      "en" : "Measure"
    },
    "comment" : {
      "en" : "A measure combines a number to a unit of measure. For example, \"3 m\" is a measure."
    },
    "attributes" : [ "external" ],
    "id" : "30"
  }, {
    "iri" : "https://purl.org/turbbo#Physical",
    "baseIri" : "https://purl.org/turbbo",
    "instances" : 0,
    "label" : {
      "IRI-based" : "Physical"
    },
    "id" : "111",
    "superClasses" : [ "22" ]
  }, {
    "iri" : "https://purl.org/turbbo#Pearsons",
    "baseIri" : "https://purl.org/turbbo",
    "instances" : 0,
    "label" : {
      "IRI-based" : "Pearsons",
      "undefined" : "Pearsons"
    },
    "id" : "37",
    "superClasses" : [ "4" ]
  }, {
    "iri" : "https://purl.org/turbbo#Identity",
    "baseIri" : "https://purl.org/turbbo",
    "instances" : 0,
    "label" : {
      "IRI-based" : "Identity",
      "undefined" : "Identity"
    },
    "id" : "20"
  }, {
    "iri" : "http://www.w3.org/2006/time#Duration",
    "baseIri" : "http://www.w3.org/2006/time",
    "instances" : 0,
    "annotations" : {
      "note" : [ {
        "identifier" : "note",
        "language" : "es",
        "value" : "Alternativa a 'descripción de tiempo' para proporcionar descripción soporte a una duración temporal diferente a utilizar un sistema de calendario/reloj.",
        "type" : "label"
      }, {
        "identifier" : "note",
        "language" : "en",
        "value" : "Alternative to time:DurationDescription to support description of a temporal duration other than using a calendar/clock system.",
        "type" : "label"
      }, {
        "identifier" : "note",
        "language" : "en",
        "value" : "Alternative to time:DurationDescription to support description of a temporal duration other than using a calendar/clock system.",
        "type" : "label"
      }, {
        "identifier" : "note",
        "language" : "es",
        "value" : "Alternativa a 'descripción de tiempo' para proporcionar descripción soporte a una duración temporal diferente a utilizar un sistema de calendario/reloj.",
        "type" : "label"
      } ],
      "definition" : [ {
        "identifier" : "definition",
        "language" : "en",
        "value" : "Duration of a temporal extent expressed as a number scaled by a temporal unit",
        "type" : "label"
      }, {
        "identifier" : "definition",
        "language" : "es",
        "value" : "Duración de una extensión temporal expresada como un número escalado por una unidad temporal.",
        "type" : "label"
      }, {
        "identifier" : "definition",
        "language" : "en",
        "value" : "Duration of a temporal extent expressed as a number scaled by a temporal unit",
        "type" : "label"
      }, {
        "identifier" : "definition",
        "language" : "es",
        "value" : "Duración de una extensión temporal expresada como un número escalado por una unidad temporal.",
        "type" : "label"
      } ]
    },
    "label" : {
      "IRI-based" : "Duration",
      "en" : "Time duration",
      "undefined" : "duración de tiempo"
    },
    "comment" : {
      "en" : "Duration of a temporal extent expressed as a number scaled by a temporal unit",
      "es" : "Duración de una extensión temporal expresada como un número escalado por una unidad temporal."
    },
    "attributes" : [ "external" ],
    "id" : "127"
  }, {
    "iri" : "http://purl.obolibrary.org/obo/IAO_0000027",
    "baseIri" : "http://purl.obolibrary.org/obo",
    "instances" : 0,
    "label" : {
      "IRI-based" : "IAO_0000027"
    },
    "subClasses" : [ "6", "59" ],
    "attributes" : [ "external" ],
    "id" : "7"
  }, {
    "iri" : "https://purl.org/turbbo#Effectiveness",
    "baseIri" : "https://purl.org/turbbo",
    "instances" : 0,
    "annotations" : {
      "noteToSelf" : [ {
        "identifier" : "noteToSelf",
        "language" : "undefined",
        "value" : "Revise this concept",
        "type" : "label"
      } ]
    },
    "label" : {
      "IRI-based" : "Effectiveness"
    },
    "id" : "42"
  }, {
    "iri" : "https://purl.org/turbbo#Nature",
    "baseIri" : "https://purl.org/turbbo",
    "instances" : 0,
    "annotations" : {
      "noteToSelf" : [ {
        "identifier" : "noteToSelf",
        "language" : "undefined",
        "value" : "Revise when Middle ontology is ready",
        "type" : "label"
      } ]
    },
    "label" : {
      "IRI-based" : "Nature"
    },
    "subClasses" : [ "21", "119", "78", "111", "109", "114" ],
    "id" : "22"
  }, {
    "iri" : "https://purl.org/turbbo#Outcome",
    "baseIri" : "https://purl.org/turbbo",
    "instances" : 0,
    "label" : {
      "IRI-based" : "Outcome",
      "undefined" : "Outcome"
    },
    "id" : "45"
  }, {
    "iri" : "https://purl.org/turbbo#effect_size",
    "baseIri" : "https://purl.org/turbbo",
    "instances" : 0,
    "label" : {
      "IRI-based" : "effect_size",
      "undefined" : "effect size"
    },
    "subClasses" : [ "58", "107" ],
    "id" : "59",
    "superClasses" : [ "7" ]
  }, {
    "iri" : "http://www.w3.org/2006/time#TemporalUnit",
    "baseIri" : "http://www.w3.org/2006/time",
    "instances" : 0,
    "annotations" : {
      "note" : [ {
        "identifier" : "note",
        "language" : "en",
        "value" : "Membership of the class TemporalUnit is open, to allow for other temporal units used in some technical applications (e.g. millions of years, Baha'i month).",
        "type" : "label"
      }, {
        "identifier" : "note",
        "language" : "es",
        "value" : "La pertenencia de la clase 'unidad de tiempo' está abierta, para permitir otras unidades de tiempo utilizadas en algunas aplicaciones técnicas (por ejemplo, millones de años o el mes Baha'i).",
        "type" : "label"
      }, {
        "identifier" : "note",
        "language" : "en",
        "value" : "Membership of the class TemporalUnit is open, to allow for other temporal units used in some technical applications (e.g. millions of years, Baha'i month).",
        "type" : "label"
      }, {
        "identifier" : "note",
        "language" : "es",
        "value" : "La pertenencia de la clase 'unidad de tiempo' está abierta, para permitir otras unidades de tiempo utilizadas en algunas aplicaciones técnicas (por ejemplo, millones de años o el mes Baha'i).",
        "type" : "label"
      } ],
      "changeNote" : [ {
        "identifier" : "changeNote",
        "language" : "en",
        "value" : "Remove enumeration from definition, in order to allow other units to be used when required in other coordinate systems. \nNOTE: existing units are still present as members of the class, but the class membership is now open. \n\nIn the original OWL-Time the following constraint appeared: \n  owl:oneOf (\n      time:unitSecond\n      time:unitMinute\n      time:unitHour\n      time:unitDay\n      time:unitWeek\n      time:unitMonth\n      time:unitYear\n    ) ;",
        "type" : "label"
      }, {
        "identifier" : "changeNote",
        "language" : "en",
        "value" : "Remove enumeration from definition, in order to allow other units to be used when required in other coordinate systems. \nNOTE: existing units are still present as members of the class, but the class membership is now open. \n\nIn the original OWL-Time the following constraint appeared: \n  owl:oneOf (\n      time:unitSecond\n      time:unitMinute\n      time:unitHour\n      time:unitDay\n      time:unitWeek\n      time:unitMonth\n      time:unitYear\n    ) ;",
        "type" : "label"
      } ],
      "definition" : [ {
        "identifier" : "definition",
        "language" : "es",
        "value" : "Una duración estándar, que proporciona un factor de escala para una extensión de tiempo, o la granularidad o precisión para una posición de tiempo.",
        "type" : "label"
      }, {
        "identifier" : "definition",
        "language" : "en",
        "value" : "A standard duration, which provides a scale factor for a time extent, or the granularity or precision for a time position.",
        "type" : "label"
      }, {
        "identifier" : "definition",
        "language" : "es",
        "value" : "Una duración estándar, que proporciona un factor de escala para una extensión de tiempo, o la granularidad o precisión para una posición de tiempo.",
        "type" : "label"
      }, {
        "identifier" : "definition",
        "language" : "en",
        "value" : "A standard duration, which provides a scale factor for a time extent, or the granularity or precision for a time position.",
        "type" : "label"
      } ]
    },
    "label" : {
      "IRI-based" : "TemporalUnit",
      "en" : "Temporal unit",
      "es" : "unidad de tiempo"
    },
    "comment" : {
      "en" : "A standard duration, which provides a scale factor for a time extent, or the granularity or precision for a time position.",
      "es" : "Una duración estándar, que proporciona un factor de escala para una extensión de tiempo, o la granularidad o precisión para una posición de tiempo."
    },
    "attributes" : [ "external" ],
    "id" : "131"
  }, {
    "iri" : "https://purl.org/turbbo#Controlled",
    "baseIri" : "https://purl.org/turbbo",
    "instances" : 0,
    "label" : {
      "IRI-based" : "Controlled"
    },
    "id" : "109",
    "superClasses" : [ "22" ]
  }, {
    "iri" : "http://www.w3.org/2000/01/rdf-schema#Literal",
    "baseIri" : "http://www.w3.org/2000/01/rdf-schema",
    "id" : "103",
    "label" : {
      "IRI-based" : "Literal",
      "undefined" : "Literal"
    }
  }, {
    "iri" : "http://www.w3.org/2001/XMLSchema#decimal",
    "baseIri" : "http://www.w3.org/2001/XMLSchema",
    "id" : "105",
    "label" : {
      "IRI-based" : "decimal"
    }
  }, {
    "iri" : "http://purl.obolibrary.org/obo/IAO_0000310",
    "baseIri" : "http://purl.obolibrary.org/obo",
    "id" : "63",
    "label" : {
      "IRI-based" : "IAO_0000310"
    }
  }, {
    "iri" : "http://purl.obolibrary.org/obo/STATO_0000039",
    "baseIri" : "http://purl.obolibrary.org/obo",
    "instances" : 0,
    "label" : {
      "IRI-based" : "STATO_0000039"
    },
    "subClasses" : [ "88" ],
    "attributes" : [ "external" ],
    "id" : "99"
  }, {
    "iri" : "http://purl.obolibrary.org/obo/IAO_0000100",
    "baseIri" : "http://purl.obolibrary.org/obo",
    "id" : "64",
    "label" : {
      "IRI-based" : "IAO_0000100"
    }
  }, {
    "iri" : "http://purl.obolibrary.org/obo/IAO_0000100",
    "baseIri" : "http://purl.obolibrary.org/obo",
    "id" : "40",
    "label" : {
      "IRI-based" : "IAO_0000100"
    }
  }, {
    "iri" : "http://purl.obolibrary.org/obo/IAO_0000310",
    "baseIri" : "http://purl.obolibrary.org/obo",
    "id" : "41",
    "label" : {
      "IRI-based" : "IAO_0000310"
    }
  }, {
    "iri" : "https://purl.org/turbbo#extrinsic",
    "baseIri" : "https://purl.org/turbbo",
    "instances" : 0,
    "label" : {
      "IRI-based" : "extrinsic"
    },
    "id" : "119",
    "superClasses" : [ "22" ]
  }, {
    "iri" : "https://purl.org/turbbo/turrbo_0000014",
    "baseIri" : "https://purl.org/turbbo",
    "instances" : 0,
    "label" : {
      "IRI-based" : "turrbo_0000014",
      "undefined" : "thesis"
    },
    "attributes" : [ "external" ],
    "id" : "47",
    "superClasses" : [ "33" ]
  }, {
    "iri" : "https://purl.org/turbbo/turrbo_0000015",
    "baseIri" : "https://purl.org/turbbo",
    "instances" : 0,
    "label" : {
      "IRI-based" : "turrbo_0000015",
      "undefined" : "dissertation"
    },
    "attributes" : [ "external" ],
    "id" : "35",
    "superClasses" : [ "33" ]
  }, {
    "iri" : "https://purl.org/turbbo#Magnitude",
    "baseIri" : "https://purl.org/turbbo",
    "instances" : 0,
    "label" : {
      "IRI-based" : "Magnitude",
      "undefined" : "Magnitude"
    },
    "subClasses" : [ "96", "92", "90" ],
    "id" : "6",
    "superClasses" : [ "7" ]
  }, {
    "iri" : "https://purl.org/turbbo/turrbo_0000016",
    "baseIri" : "https://purl.org/turbbo",
    "instances" : 0,
    "label" : {
      "IRI-based" : "turrbo_0000016",
      "undefined" : "conference proceeding"
    },
    "attributes" : [ "external" ],
    "id" : "32",
    "superClasses" : [ "33" ]
  }, {
    "iri" : "https://purl.org/turbbo#Psychological",
    "baseIri" : "https://purl.org/turbbo",
    "instances" : 0,
    "label" : {
      "IRI-based" : "Psychological"
    },
    "id" : "114",
    "superClasses" : [ "22" ]
  }, {
    "iri" : "https://purl.org/turbbo#Impact",
    "baseIri" : "https://purl.org/turbbo",
    "instances" : 0,
    "label" : {
      "IRI-based" : "Impact",
      "undefined" : "Impact"
    },
    "id" : "43"
  }, {
    "iri" : "https://purl.org/turbbo#Odds_Ratios",
    "baseIri" : "https://purl.org/turbbo",
    "instances" : 0,
    "label" : {
      "IRI-based" : "Odds_Ratios",
      "undefined" : "Odds Ratios"
    },
    "id" : "107",
    "superClasses" : [ "59" ]
  }, {
    "iri" : "http://www.w3.org/2006/time#Instant",
    "baseIri" : "http://www.w3.org/2006/time",
    "instances" : 0,
    "annotations" : {
      "definition" : [ {
        "identifier" : "definition",
        "language" : "es",
        "value" : "Una entidad temporal con una extensión o duración cero.",
        "type" : "label"
      }, {
        "identifier" : "definition",
        "language" : "en",
        "value" : "A temporal entity with zero extent or duration",
        "type" : "label"
      }, {
        "identifier" : "definition",
        "language" : "en",
        "value" : "A temporal entity with zero extent or duration",
        "type" : "label"
      }, {
        "identifier" : "definition",
        "language" : "es",
        "value" : "Una entidad temporal con una extensión o duración cero.",
        "type" : "label"
      } ]
    },
    "label" : {
      "IRI-based" : "Instant",
      "en" : "Time instant",
      "es" : "instante de tiempo."
    },
    "comment" : {
      "en" : "A temporal entity with zero extent or duration",
      "es" : "Una entidad temporal con una extensión o duración cero."
    },
    "attributes" : [ "external" ],
    "id" : "16",
    "superClasses" : [ "9" ]
  }, {
    "iri" : "https://purl.org/turbbo/turrbo_0000026",
    "baseIri" : "https://purl.org/turbbo",
    "instances" : 0,
    "label" : {
      "IRI-based" : "turrbo_0000026",
      "undefined" : "small correlation"
    },
    "attributes" : [ "external" ],
    "id" : "96",
    "superClasses" : [ "6" ]
  }, {
    "iri" : "https://purl.org/turbbo/turrbo_0000027",
    "baseIri" : "https://purl.org/turbbo",
    "instances" : 0,
    "label" : {
      "IRI-based" : "turrbo_0000027",
      "undefined" : "medium correlation"
    },
    "attributes" : [ "external" ],
    "id" : "92",
    "superClasses" : [ "6" ]
  }, {
    "iri" : "https://purl.org/turbbo/turrbo_0000028",
    "baseIri" : "https://purl.org/turbbo",
    "instances" : 0,
    "label" : {
      "IRI-based" : "turrbo_0000028",
      "undefined" : "large correlation"
    },
    "attributes" : [ "external" ],
    "id" : "90",
    "superClasses" : [ "6" ]
  }, {
    "iri" : "https://purl.org/turbbo/turrbo_0000021",
    "baseIri" : "https://purl.org/turbbo",
    "instances" : 0,
    "label" : {
      "IRI-based" : "turrbo_0000021",
      "undefined" : "correlation coefficient r"
    },
    "individuals" : [ {
      "iri" : "https://purl.org/turbbo/000000081",
      "baseIri" : "https://purl.org/turbbo",
      "labels" : {
        "IRI-based" : "000000081",
        "undefined" : "0.07"
      }
    } ],
    "attributes" : [ "external" ],
    "id" : "88",
    "superClasses" : [ "99" ]
  }, {
    "iri" : "http://www.w3.org/2006/time#TemporalEntity",
    "baseIri" : "http://www.w3.org/2006/time",
    "instances" : 0,
    "annotations" : {
      "definition" : [ {
        "identifier" : "definition",
        "language" : "es",
        "value" : "Un intervalo temporal o un instante.",
        "type" : "label"
      }, {
        "identifier" : "definition",
        "language" : "en",
        "value" : "A temporal interval or instant.",
        "type" : "label"
      }, {
        "identifier" : "definition",
        "language" : "en",
        "value" : "A temporal interval or instant.",
        "type" : "label"
      }, {
        "identifier" : "definition",
        "language" : "es",
        "value" : "Un intervalo temporal o un instante.",
        "type" : "label"
      } ]
    },
    "label" : {
      "IRI-based" : "TemporalEntity",
      "en" : "Temporal entity",
      "es" : "entidad temporal"
    },
    "subClasses" : [ "8", "16", "77" ],
    "comment" : {
      "en" : "A temporal interval or instant.",
      "es" : "Un intervalo temporal o un instante."
    },
    "attributes" : [ "external" ],
    "id" : "9"
  } ],
  "property" : [ {
    "id" : "0",
    "type" : "owl:objectProperty"
  }, {
    "id" : "5",
    "type" : "rdfs:SubClassOf"
  }, {
    "id" : "10",
    "type" : "owl:objectProperty"
  }, {
    "id" : "15",
    "type" : "owl:objectProperty"
  }, {
    "id" : "17",
    "type" : "owl:objectProperty"
  }, {
    "id" : "19",
    "type" : "owl:objectProperty"
  }, {
    "id" : "25",
    "type" : "rdfs:SubClassOf"
  }, {
    "id" : "26",
    "type" : "rdfs:SubClassOf"
  }, {
    "id" : "28",
    "type" : "owl:objectProperty"
  }, {
    "id" : "31",
    "type" : "rdfs:SubClassOf"
  }, {
    "id" : "34",
    "type" : "rdfs:SubClassOf"
  }, {
    "id" : "36",
    "type" : "rdfs:SubClassOf"
  }, {
    "id" : "38",
    "type" : "rdfs:SubClassOf"
  }, {
    "id" : "46",
    "type" : "rdfs:SubClassOf"
  }, {
    "id" : "48",
    "type" : "rdfs:SubClassOf"
  }, {
    "id" : "51",
    "type" : "owl:objectProperty"
  }, {
    "id" : "53",
    "type" : "owl:objectProperty"
  }, {
    "id" : "54",
    "type" : "owl:objectProperty"
  }, {
    "id" : "18",
    "type" : "owl:objectProperty"
  }, {
    "id" : "69",
    "type" : "owl:objectProperty"
  }, {
    "id" : "74",
    "type" : "owl:objectProperty"
  }, {
    "id" : "76",
    "type" : "owl:objectProperty"
  }, {
    "id" : "80",
    "type" : "owl:objectProperty"
  }, {
    "id" : "81",
    "type" : "owl:objectProperty"
  }, {
    "id" : "82",
    "type" : "owl:objectProperty"
  }, {
    "id" : "85",
    "type" : "owl:objectProperty"
  }, {
    "id" : "86",
    "type" : "rdfs:SubClassOf"
  }, {
    "id" : "87",
    "type" : "owl:objectProperty"
  }, {
    "id" : "89",
    "type" : "rdfs:SubClassOf"
  }, {
    "id" : "91",
    "type" : "rdfs:SubClassOf"
  }, {
    "id" : "93",
    "type" : "rdfs:SubClassOf"
  }, {
    "id" : "94",
    "type" : "rdfs:SubClassOf"
  }, {
    "id" : "95",
    "type" : "rdfs:SubClassOf"
  }, {
    "id" : "97",
    "type" : "owl:objectProperty"
  }, {
    "id" : "98",
    "type" : "rdfs:SubClassOf"
  }, {
    "id" : "100",
    "type" : "owl:objectProperty"
  }, {
    "id" : "101",
    "type" : "owl:objectProperty"
  }, {
    "id" : "102",
    "type" : "owl:datatypeProperty"
  }, {
    "id" : "104",
    "type" : "owl:datatypeProperty"
  }, {
    "id" : "106",
    "type" : "rdfs:SubClassOf"
  }, {
    "id" : "108",
    "type" : "rdfs:SubClassOf"
  }, {
    "id" : "110",
    "type" : "rdfs:SubClassOf"
  }, {
    "id" : "112",
    "type" : "rdfs:SubClassOf"
  }, {
    "id" : "113",
    "type" : "rdfs:SubClassOf"
  }, {
    "id" : "115",
    "type" : "rdfs:SubClassOf"
  }, {
    "id" : "116",
    "type" : "rdfs:SubClassOf"
  }, {
    "id" : "117",
    "type" : "rdfs:SubClassOf"
  }, {
    "id" : "118",
    "type" : "rdfs:SubClassOf"
  }, {
    "id" : "120",
    "type" : "owl:objectProperty"
  }, {
    "id" : "121",
    "type" : "owl:objectProperty"
  }, {
    "id" : "123",
    "type" : "owl:objectProperty"
  }, {
    "id" : "124",
    "type" : "owl:objectProperty"
  }, {
    "id" : "125",
    "type" : "owl:objectProperty"
  }, {
    "id" : "126",
    "type" : "owl:objectProperty"
  }, {
    "id" : "128",
    "type" : "owl:datatypeProperty"
  }, {
    "id" : "129",
    "type" : "owl:objectProperty"
  }, {
    "id" : "130",
    "type" : "owl:objectProperty"
  }, {
    "id" : "132",
    "type" : "owl:objectProperty"
  }, {
    "id" : "133",
    "type" : "owl:objectProperty"
  }, {
    "id" : "134",
    "type" : "owl:someValuesFrom"
  }, {
    "id" : "135",
    "type" : "owl:someValuesFrom"
  }, {
    "id" : "136",
    "type" : "owl:objectProperty"
  }, {
    "id" : "137",
    "type" : "owl:datatypeProperty"
  }, {
    "id" : "139",
    "type" : "owl:datatypeProperty"
  }, {
    "id" : "141",
    "type" : "owl:someValuesFrom"
  }, {
    "id" : "142",
    "type" : "owl:objectProperty"
  }, {
    "id" : "143",
    "type" : "owl:someValuesFrom"
  }, {
    "id" : "144",
    "type" : "owl:datatypeProperty"
  }, {
    "id" : "145",
    "type" : "owl:objectProperty"
  }, {
    "id" : "146",
    "type" : "owl:datatypeProperty"
  }, {
    "id" : "147",
    "type" : "owl:objectProperty"
  }, {
    "id" : "148",
    "type" : "owl:objectProperty"
  }, {
    "id" : "149",
    "type" : "owl:objectProperty"
  }, {
    "id" : "150",
    "type" : "owl:objectProperty"
  }, {
    "id" : "151",
    "type" : "owl:datatypeProperty"
  }, {
    "id" : "152",
    "type" : "owl:objectProperty"
  } ],
  "propertyAttribute" : [ {
    "iri" : "https://purl.org/turbbo#restrictedBy",
    "baseIri" : "https://purl.org/turbbo",
    "range" : "2",
    "label" : {
      "IRI-based" : "restrictedBy"
    },
    "domain" : "1",
    "attributes" : [ "object" ],
    "id" : "0"
  }, {
    "range" : "7",
    "domain" : "6",
    "attributes" : [ "anonymous", "object" ],
    "id" : "5"
  }, {
    "iri" : "https://purl.org/turbbo#requiresMaterial",
    "baseIri" : "https://purl.org/turbbo",
    "range" : "11",
    "label" : {
      "IRI-based" : "requiresMaterial"
    },
    "domain" : "1",
    "attributes" : [ "object" ],
    "id" : "10"
  }, {
    "iri" : "http://www.w3.org/2006/time#hasBeginning",
    "baseIri" : "http://www.w3.org/2006/time",
    "range" : "16",
    "annotations" : {
      "definition" : [ {
        "identifier" : "definition",
        "language" : "es",
        "value" : "Comienzo de una entidad temporal.",
        "type" : "label"
      }, {
        "identifier" : "definition",
        "language" : "en",
        "value" : "Beginning of a temporal entity.",
        "type" : "label"
      }, {
        "identifier" : "definition",
        "language" : "es",
        "value" : "Comienzo de una entidad temporal.",
        "type" : "label"
      }, {
        "identifier" : "definition",
        "language" : "en",
        "value" : "Beginning of a temporal entity.",
        "type" : "label"
      } ]
    },
    "label" : {
      "IRI-based" : "hasBeginning",
      "en" : "has beginning",
      "es" : "tiene principio"
    },
    "superproperty" : [ "17" ],
    "domain" : "9",
    "comment" : {
      "en" : "Beginning of a temporal entity",
      "es" : "Comienzo de una entidad temporal."
    },
    "attributes" : [ "external", "object" ],
    "id" : "15"
  }, {
    "iri" : "http://www.w3.org/2006/time#hasTime",
    "baseIri" : "http://www.w3.org/2006/time",
    "range" : "9",
    "annotations" : {
      "editorialNote" : [ {
        "identifier" : "editorialNote",
        "language" : "es",
        "value" : "Característica arriesgada -añadida en la revisión del 2017 que no ha sido todavía utilizada de forma amplia.",
        "type" : "label"
      }, {
        "identifier" : "editorialNote",
        "language" : "en",
        "value" : "Feature at risk - added in 2017 revision, and not yet widely used. ",
        "type" : "label"
      }, {
        "identifier" : "editorialNote",
        "language" : "en",
        "value" : "Feature at risk - added in 2017 revision, and not yet widely used. ",
        "type" : "label"
      }, {
        "identifier" : "editorialNote",
        "language" : "es",
        "value" : "Característica arriesgada -añadida en la revisión del 2017 que no ha sido todavía utilizada de forma amplia.",
        "type" : "label"
      } ],
      "definition" : [ {
        "identifier" : "definition",
        "language" : "es",
        "value" : "Proporciona soporte a la asociación de una entidad temporal (instante o intervalo) a cualquier cosa.",
        "type" : "label"
      }, {
        "identifier" : "definition",
        "language" : "es",
        "value" : "Proporciona soporte a la asociación de una entidad temporal (instante o intervalo) a cualquier cosa.",
        "type" : "label"
      }, {
        "identifier" : "definition",
        "language" : "en",
        "value" : "Supports the association of a temporal entity (instant or interval) to any thing",
        "type" : "label"
      }, {
        "identifier" : "definition",
        "language" : "en",
        "value" : "Supports the association of a temporal entity (instant or interval) to any thing",
        "type" : "label"
      } ]
    },
    "label" : {
      "IRI-based" : "hasTime",
      "en" : "has time",
      "es" : "tiene tiempo"
    },
    "domain" : "1",
    "subproperty" : [ "18", "15" ],
    "comment" : {
      "en" : "Supports the association of a temporal entity (instant or interval) to any thing",
      "es" : "Proporciona soporte a la asociación de una entidad temporal (instante o intervalo) a cualquier cosa."
    },
    "attributes" : [ "external", "object" ],
    "id" : "17"
  }, {
    "iri" : "https://purl.org/turbbo#isReflectiveOf",
    "baseIri" : "https://purl.org/turbbo",
    "range" : "20",
    "label" : {
      "IRI-based" : "isReflectiveOf"
    },
    "domain" : "1",
    "attributes" : [ "object" ],
    "id" : "19"
  }, {
    "range" : "4",
    "domain" : "14",
    "attributes" : [ "anonymous", "object" ],
    "id" : "25"
  }, {
    "range" : "4",
    "domain" : "27",
    "attributes" : [ "anonymous", "object" ],
    "id" : "26"
  }, {
    "iri" : "https://purl.org/turbbo#measuredBy",
    "baseIri" : "https://purl.org/turbbo",
    "range" : "30",
    "label" : {
      "IRI-based" : "measuredBy"
    },
    "domain" : "29",
    "attributes" : [ "object" ],
    "id" : "28"
  }, {
    "range" : "33",
    "domain" : "32",
    "attributes" : [ "anonymous", "object" ],
    "id" : "31"
  }, {
    "range" : "33",
    "domain" : "35",
    "attributes" : [ "anonymous", "object" ],
    "id" : "34"
  }, {
    "range" : "4",
    "domain" : "37",
    "attributes" : [ "anonymous", "object" ],
    "id" : "36"
  }, {
    "range" : "4",
    "domain" : "3",
    "attributes" : [ "anonymous", "object" ],
    "id" : "38"
  }, {
    "range" : "33",
    "domain" : "47",
    "attributes" : [ "anonymous", "object" ],
    "id" : "46"
  }, {
    "range" : "50",
    "domain" : "49",
    "attributes" : [ "anonymous", "object" ],
    "id" : "48"
  }, {
    "iri" : "https://purl.org/turbbo#OWLObjectProperty_0000006",
    "baseIri" : "https://purl.org/turbbo",
    "range" : "52",
    "label" : {
      "IRI-based" : "OWLObjectProperty_0000006",
      "en" : "hasIdentifier"
    },
    "domain" : "33",
    "attributes" : [ "object" ],
    "id" : "51"
  }, {
    "iri" : "https://purl.org/turbbo#hasType",
    "baseIri" : "https://purl.org/turbbo",
    "range" : "22",
    "label" : {
      "IRI-based" : "hasType"
    },
    "domain" : "23",
    "attributes" : [ "object" ],
    "id" : "53"
  }, {
    "iri" : "https://purl.org/turbbo#hasIntention",
    "baseIri" : "https://purl.org/turbbo",
    "range" : "55",
    "label" : {
      "IRI-based" : "hasIntention"
    },
    "domain" : "1",
    "attributes" : [ "object" ],
    "id" : "54"
  }, {
    "iri" : "http://www.w3.org/2006/time#hasEnd",
    "baseIri" : "http://www.w3.org/2006/time",
    "range" : "16",
    "annotations" : {
      "definition" : [ {
        "identifier" : "definition",
        "language" : "en",
        "value" : "End of a temporal entity.",
        "type" : "label"
      }, {
        "identifier" : "definition",
        "language" : "en",
        "value" : "End of a temporal entity.",
        "type" : "label"
      }, {
        "identifier" : "definition",
        "language" : "es",
        "value" : "Final de una entidad temporal.",
        "type" : "label"
      }, {
        "identifier" : "definition",
        "language" : "es",
        "value" : "Final de una entidad temporal.",
        "type" : "label"
      } ]
    },
    "label" : {
      "IRI-based" : "hasEnd",
      "en" : "has end",
      "es" : "tiene fin"
    },
    "superproperty" : [ "17" ],
    "domain" : "9",
    "comment" : {
      "en" : "End of a temporal entity.",
      "es" : "Final de una entidad temporal."
    },
    "attributes" : [ "external", "object" ],
    "id" : "18"
  }, {
    "iri" : "https://purl.org/turbbo#hasLegality",
    "baseIri" : "https://purl.org/turbbo",
    "range" : "24",
    "label" : {
      "IRI-based" : "hasLegality"
    },
    "domain" : "1",
    "attributes" : [ "object" ],
    "id" : "69"
  }, {
    "iri" : "https://purl.org/turbbo#OWLObjectProperty_00000000000000000003",
    "baseIri" : "https://purl.org/turbbo",
    "range" : "75",
    "label" : {
      "IRI-based" : "OWLObjectProperty_00000000000000000003",
      "en" : "happensAfter"
    },
    "domain" : "75",
    "attributes" : [ "object" ],
    "id" : "74"
  }, {
    "iri" : "https://purl.org/turbbo#OWLObjectProperty_00000000000000000001",
    "baseIri" : "https://purl.org/turbbo",
    "range" : "77",
    "label" : {
      "IRI-based" : "OWLObjectProperty_00000000000000000001",
      "en" : "hasFrequency"
    },
    "domain" : "1",
    "attributes" : [ "object" ],
    "id" : "76"
  }, {
    "iri" : "https://purl.org/turbbo#OWLObjectProperty_00000000000000000002",
    "baseIri" : "https://purl.org/turbbo",
    "range" : "75",
    "label" : {
      "IRI-based" : "OWLObjectProperty_00000000000000000002",
      "en" : "happensBefore"
    },
    "domain" : "75",
    "attributes" : [ "object" ],
    "id" : "80"
  }, {
    "iri" : "http://www.w3.org/2006/time#unitType",
    "baseIri" : "http://www.w3.org/2006/time",
    "range" : "65",
    "label" : {
      "IRI-based" : "unitType"
    },
    "cardinality" : "1",
    "domain" : "65",
    "attributes" : [ "external", "object" ],
    "id" : "81"
  }, {
    "iri" : "https://purl.org/turbbo#occursIn",
    "baseIri" : "https://purl.org/turbbo",
    "range" : "83",
    "label" : {
      "IRI-based" : "occursIn"
    },
    "domain" : "1",
    "attributes" : [ "object" ],
    "id" : "82"
  }, {
    "iri" : "https://purl.org/turbbo/000000084",
    "baseIri" : "https://purl.org/turbbo",
    "range" : "6",
    "label" : {
      "IRI-based" : "000000084",
      "undefined" : "hasMagnitude"
    },
    "domain" : "59",
    "attributes" : [ "external", "object" ],
    "id" : "85"
  }, {
    "range" : "9",
    "domain" : "77",
    "attributes" : [ "anonymous", "object" ],
    "id" : "86"
  }, {
    "iri" : "https://purl.org/turbbo/000000083",
    "baseIri" : "https://purl.org/turbbo",
    "range" : "59",
    "label" : {
      "IRI-based" : "000000083",
      "undefined" : "hasEffectSize"
    },
    "domain" : "88",
    "attributes" : [ "external", "object" ],
    "id" : "87"
  }, {
    "range" : "6",
    "domain" : "90",
    "attributes" : [ "anonymous", "object" ],
    "id" : "89"
  }, {
    "range" : "6",
    "domain" : "92",
    "attributes" : [ "anonymous", "object" ],
    "id" : "91"
  }, {
    "range" : "9",
    "domain" : "16",
    "attributes" : [ "anonymous", "object" ],
    "id" : "93"
  }, {
    "range" : "9",
    "domain" : "8",
    "attributes" : [ "anonymous", "object" ],
    "id" : "94"
  }, {
    "range" : "6",
    "domain" : "96",
    "attributes" : [ "anonymous", "object" ],
    "id" : "95"
  }, {
    "iri" : "https://purl.org/turbbo#facilitatedBy",
    "baseIri" : "https://purl.org/turbbo",
    "range" : "84",
    "label" : {
      "IRI-based" : "facilitatedBy"
    },
    "domain" : "1",
    "attributes" : [ "object" ],
    "id" : "97"
  }, {
    "range" : "99",
    "domain" : "88",
    "attributes" : [ "anonymous", "object" ],
    "id" : "98"
  }, {
    "iri" : "https://purl.org/turbbo#produces",
    "baseIri" : "https://purl.org/turbbo",
    "range" : "60",
    "label" : {
      "IRI-based" : "produces"
    },
    "domain" : "56",
    "attributes" : [ "object" ],
    "id" : "100"
  }, {
    "iri" : "https://purl.org/turbbo#hasImpact",
    "baseIri" : "https://purl.org/turbbo",
    "range" : "43",
    "label" : {
      "IRI-based" : "hasImpact"
    },
    "domain" : "1",
    "attributes" : [ "object" ],
    "id" : "101"
  }, {
    "iri" : "http://xmlns.com/foaf/0.1/title",
    "baseIri" : "http://xmlns.com/foaf/0.1",
    "range" : "103",
    "label" : {
      "IRI-based" : "title"
    },
    "domain" : "71",
    "attributes" : [ "external", "datatype" ],
    "id" : "102"
  }, {
    "iri" : "https://purl.org/turbbo#hasValue",
    "baseIri" : "https://purl.org/turbbo",
    "range" : "105",
    "label" : {
      "IRI-based" : "hasValue"
    },
    "domain" : "7",
    "attributes" : [ "datatype" ],
    "id" : "104"
  }, {
    "range" : "59",
    "domain" : "107",
    "attributes" : [ "anonymous", "object" ],
    "id" : "106"
  }, {
    "range" : "22",
    "domain" : "109",
    "attributes" : [ "anonymous", "object" ],
    "id" : "108"
  }, {
    "range" : "22",
    "domain" : "111",
    "attributes" : [ "anonymous", "object" ],
    "id" : "110"
  }, {
    "range" : "59",
    "domain" : "58",
    "attributes" : [ "anonymous", "object" ],
    "id" : "112"
  }, {
    "range" : "22",
    "domain" : "114",
    "attributes" : [ "anonymous", "object" ],
    "id" : "113"
  }, {
    "range" : "22",
    "domain" : "21",
    "attributes" : [ "anonymous", "object" ],
    "id" : "115"
  }, {
    "range" : "7",
    "domain" : "59",
    "attributes" : [ "anonymous", "object" ],
    "id" : "116"
  }, {
    "range" : "22",
    "domain" : "78",
    "attributes" : [ "anonymous", "object" ],
    "id" : "117"
  }, {
    "range" : "22",
    "domain" : "119",
    "attributes" : [ "anonymous", "object" ],
    "id" : "118"
  }, {
    "iri" : "https://purl.org/turbbo#occursWithin",
    "baseIri" : "https://purl.org/turbbo",
    "range" : "44",
    "label" : {
      "IRI-based" : "occursWithin"
    },
    "domain" : "1",
    "attributes" : [ "object" ],
    "id" : "120"
  }, {
    "iri" : "https://purl.org/turbbo#correlatesWith",
    "baseIri" : "https://purl.org/turbbo",
    "range" : "1",
    "annotations" : {
      "definition" : [ {
        "identifier" : "definition",
        "language" : "undefined",
        "value" : "The property showing a relationship or connection between two behaviours. The sub-properties model the degree/strength and type of correlation using use Cohen’s (1992) criteria for the strength of correlations (i.e., if the correlation coefficient  r is 0.10 then it represents a small association,  if r is 0.30 then it is considered a medium correlation and  if r is 0.50 or more then the association is large).",
        "type" : "label"
      } ]
    },
    "label" : {
      "IRI-based" : "correlatesWith"
    },
    "domain" : "1",
    "attributes" : [ "object" ],
    "id" : "121"
  }, {
    "iri" : "http://www.ontology-of-units-of-measure.org/resource/om-2/hasValue",
    "baseIri" : "http://www.ontology-of-units-of-measure.org/resource/om-2",
    "range" : "79",
    "label" : {
      "IRI-based" : "hasValue",
      "ja" : "値を持つ",
      "en" : "has value"
    },
    "domain" : "30",
    "attributes" : [ "external", "object" ],
    "id" : "123"
  }, {
    "iri" : "https://purl.org/turbbo#isAuthor",
    "baseIri" : "https://purl.org/turbbo",
    "range" : "68",
    "label" : {
      "IRI-based" : "isAuthor"
    },
    "domain" : "12",
    "attributes" : [ "object" ],
    "id" : "124"
  }, {
    "iri" : "https://purl.org/turbbo#composedOf",
    "baseIri" : "https://purl.org/turbbo",
    "range" : "75",
    "label" : {
      "IRI-based" : "composedOf"
    },
    "domain" : "1",
    "attributes" : [ "object" ],
    "id" : "125"
  }, {
    "iri" : "https://purl.org/turbbo#requiresSkill",
    "baseIri" : "https://purl.org/turbbo",
    "range" : "57",
    "label" : {
      "IRI-based" : "requiresSkill"
    },
    "domain" : "1",
    "attributes" : [ "object" ],
    "id" : "126"
  }, {
    "iri" : "http://www.ontology-of-units-of-measure.org/resource/om-2/hasNumericalValue",
    "baseIri" : "http://www.ontology-of-units-of-measure.org/resource/om-2",
    "range" : "67",
    "label" : {
      "IRI-based" : "hasNumericalValue",
      "en" : "has numerical value"
    },
    "domain" : "30",
    "attributes" : [ "external", "datatype" ],
    "id" : "128"
  }, {
    "iri" : "http://www.w3.org/2006/time#hasDuration",
    "baseIri" : "http://www.w3.org/2006/time",
    "range" : "127",
    "annotations" : {
      "definition" : [ {
        "identifier" : "definition",
        "language" : "en",
        "value" : "Duration of a temporal entity, event or activity, or thing, expressed as a scaled value",
        "type" : "label"
      }, {
        "identifier" : "definition",
        "language" : "en",
        "value" : "Duration of a temporal entity, event or activity, or thing, expressed as a scaled value",
        "type" : "label"
      }, {
        "identifier" : "definition",
        "language" : "es",
        "value" : "Duración de una entidad temporal, evento o actividad, o cosa, expresada como un valor escalado.",
        "type" : "label"
      }, {
        "identifier" : "definition",
        "language" : "es",
        "value" : "Duración de una entidad temporal, evento o actividad, o cosa, expresada como un valor escalado.",
        "type" : "label"
      } ]
    },
    "label" : {
      "IRI-based" : "hasDuration",
      "en" : "has duration",
      "es" : "tiene duración"
    },
    "domain" : "1",
    "comment" : {
      "en" : "Duration of a temporal entity, expressed as a scaled value or nominal value",
      "es" : "Duración de una entidad temporal, expresada como un valor escalado o un valor nominal."
    },
    "attributes" : [ "external", "object" ],
    "id" : "129"
  }, {
    "iri" : "https://purl.org/turbbo#convertedWithTool",
    "baseIri" : "https://purl.org/turbbo",
    "range" : "50",
    "label" : {
      "IRI-based" : "convertedWithTool"
    },
    "domain" : "88",
    "attributes" : [ "object" ],
    "id" : "130"
  }, {
    "iri" : "https://purl.org/turbbo#hasOutcome",
    "baseIri" : "https://purl.org/turbbo",
    "range" : "45",
    "label" : {
      "IRI-based" : "hasOutcome"
    },
    "domain" : "1",
    "attributes" : [ "object" ],
    "id" : "132"
  }, {
    "iri" : "https://purl.org/turbbo#hasGoal",
    "baseIri" : "https://purl.org/turbbo",
    "range" : "122",
    "label" : {
      "IRI-based" : "hasGoal"
    },
    "domain" : "1",
    "attributes" : [ "object" ],
    "id" : "133"
  }, {
    "iri" : "https://purl.org/turbbo#convertedWithTool",
    "baseIri" : "https://purl.org/turbbo",
    "range" : "50",
    "label" : {
      "IRI-based" : "convertedWithTool"
    },
    "domain" : "88",
    "attributes" : [ "object", "someValues" ],
    "id" : "134"
  }, {
    "iri" : "https://purl.org/turbbo#has_correlation_type",
    "baseIri" : "https://purl.org/turbbo",
    "range" : "4",
    "label" : {
      "IRI-based" : "has_correlation_type",
      "undefined" : "has correlation type"
    },
    "domain" : "88",
    "attributes" : [ "object", "someValues" ],
    "id" : "135"
  }, {
    "iri" : "https://purl.org/turbbo#motivatedBy",
    "baseIri" : "https://purl.org/turbbo",
    "range" : "23",
    "label" : {
      "IRI-based" : "motivatedBy"
    },
    "domain" : "1",
    "attributes" : [ "object" ],
    "id" : "136"
  }, {
    "iri" : "https://purl.org/turbbo/turrbo_0000018",
    "baseIri" : "https://purl.org/turbbo",
    "range" : "70",
    "label" : {
      "IRI-based" : "turrbo_0000018",
      "undefined" : "docTitle"
    },
    "domain" : "138",
    "attributes" : [ "external", "datatype" ],
    "id" : "137"
  }, {
    "iri" : "https://purl.org/turbbo/turrbo_0000019",
    "baseIri" : "https://purl.org/turbbo",
    "range" : "73",
    "label" : {
      "IRI-based" : "turrbo_0000019",
      "undefined" : "datasetName"
    },
    "domain" : "140",
    "attributes" : [ "external", "datatype" ],
    "id" : "139"
  }, {
    "iri" : "https://purl.org/turbbo#convertedFrom",
    "baseIri" : "https://purl.org/turbbo",
    "range" : "59",
    "label" : {
      "IRI-based" : "convertedFrom"
    },
    "domain" : "88",
    "attributes" : [ "object", "someValues" ],
    "id" : "141"
  }, {
    "iri" : "https://purl.org/turbbo/turrbo_0000017",
    "baseIri" : "https://purl.org/turbbo",
    "range" : "1",
    "label" : {
      "IRI-based" : "turrbo_0000017",
      "undefined" : "measures"
    },
    "domain" : "56",
    "attributes" : [ "external", "object" ],
    "id" : "142"
  }, {
    "iri" : "https://purl.org/turbbo#convertedFrom",
    "baseIri" : "https://purl.org/turbbo",
    "range" : "99",
    "label" : {
      "IRI-based" : "convertedFrom"
    },
    "domain" : "88",
    "attributes" : [ "object", "someValues" ],
    "id" : "143"
  }, {
    "iri" : "http://www.w3.org/2006/time#numericDuration",
    "baseIri" : "http://www.w3.org/2006/time",
    "range" : "61",
    "label" : {
      "IRI-based" : "numericDuration"
    },
    "cardinality" : "1",
    "domain" : "65",
    "attributes" : [ "external", "datatype" ],
    "id" : "144"
  }, {
    "iri" : "https://purl.org/turbbo#toAchieve",
    "baseIri" : "https://purl.org/turbbo",
    "range" : "122",
    "label" : {
      "IRI-based" : "toAchieve"
    },
    "domain" : "55",
    "attributes" : [ "object" ],
    "id" : "145"
  }, {
    "iri" : "https://purl.org/turbbo/turrbo_0000025",
    "baseIri" : "https://purl.org/turbbo",
    "range" : "66",
    "label" : {
      "IRI-based" : "turrbo_0000025",
      "undefined" : "hasSampleSize"
    },
    "domain" : "88",
    "attributes" : [ "external", "datatype" ],
    "id" : "146"
  }, {
    "iri" : "http://www.ontology-of-units-of-measure.org/resource/om-2/hasUnit",
    "baseIri" : "http://www.ontology-of-units-of-measure.org/resource/om-2",
    "range" : "13",
    "label" : {
      "IRI-based" : "hasUnit",
      "ja" : "単位を持つ",
      "en" : "has unit"
    },
    "domain" : "30",
    "attributes" : [ "external", "object" ],
    "id" : "147"
  }, {
    "iri" : "https://purl.org/turbbo/turrbo_0000022",
    "baseIri" : "https://purl.org/turbbo",
    "range" : "1",
    "label" : {
      "IRI-based" : "turrbo_0000022",
      "undefined" : "relatesBehaviourA"
    },
    "domain" : "88",
    "attributes" : [ "external", "object" ],
    "id" : "148"
  }, {
    "iri" : "https://purl.org/turbbo/turrbo_0000023",
    "baseIri" : "https://purl.org/turbbo",
    "range" : "1",
    "label" : {
      "IRI-based" : "turrbo_0000023",
      "undefined" : "relatesBehaviourB"
    },
    "domain" : "88",
    "attributes" : [ "external", "object" ],
    "id" : "149"
  }, {
    "iri" : "https://purl.org/turbbo#hasEffectiveness",
    "baseIri" : "https://purl.org/turbbo",
    "range" : "42",
    "label" : {
      "IRI-based" : "hasEffectiveness"
    },
    "domain" : "1",
    "attributes" : [ "object" ],
    "id" : "150"
  }, {
    "iri" : "https://purl.org/turbbo/turrbo_0000024",
    "baseIri" : "https://purl.org/turbbo",
    "range" : "72",
    "label" : {
      "IRI-based" : "turrbo_0000024",
      "undefined" : "hasRValue"
    },
    "domain" : "88",
    "attributes" : [ "external", "datatype" ],
    "id" : "151"
  }, {
    "iri" : "https://purl.org/turbbo/turrbo_0000020",
    "baseIri" : "https://purl.org/turbbo",
    "range" : "65",
    "label" : {
      "IRI-based" : "turrbo_0000020",
      "undefined" : "hasParticipant"
    },
    "domain" : "65",
    "attributes" : [ "external", "object" ],
    "id" : "152"
  } ]
}