{
  "_comment" : "Created with OWL2VOWL (version 0.3.5), http://vowl.visualdataweb.org",
  "header" : {
    "languages" : [ "en", "undefined" ],
    "baseIris" : [ "http://www.w3.org/1999/02/22-rdf-syntax-ns", "http://purl.obolibrary.org/obo", "http://www.semanticweb.org/ontologies/2021/4/untitled-ontology-59", "https://purl.org/turbbo/behaviour_properties", "http://www.w3.org/2000/01/rdf-schema", "http://www.w3.org/2001/XMLSchema", "https://purl.org/turbbo", "http://xmlns.com/foaf/0.1", "http://www.ontology-of-units-of-measure.org/resource/om-2", "http://www.w3.org/2006/time" ],
    "title" : {
      "undefined" : "Tools for Understanding Relationships Between Behaviours Using Ontologies - An Upper Level Ontology"
    },
    "iri" : "https://purl.org/turbbo",
    "comments" : {
      "undefined" : "This is an upper level ontology that descibes higher level concepts and main concepts associated with studies that measure behaviour and their relationships.\n\n\nThe TURBBO ontologies are at the early stages of development. The upper level ontology core file imports five files which can be resolved with Protege as follows:\n\n1. Download the om-imports.owl, sepio-imports.owl, FOAF-imports.owl time-imports.owl, and behaviour-properties.owl files from the private project GitHub repository.\n\n2. Directly import the downloaded files with Protege.\n\nAt a later stage in the development, the imported files will be accessible from a web location."
    },
    "other" : {
      "title" : [ {
        "identifier" : "title",
        "language" : "undefined",
        "value" : "Tools for Understanding Relationships Between Behaviours Using Ontologies - An Upper Level Ontology",
        "type" : "label"
      } ]
    }
  },
  "namespace" : [ ],
  "class" : [ {
    "id" : "3",
    "type" : "owl:Class"
  }, {
    "id" : "5",
    "type" : "owl:Class"
  }, {
    "id" : "10",
    "type" : "owl:Class"
  }, {
    "id" : "11",
    "type" : "owl:Class"
  }, {
    "id" : "12",
    "type" : "owl:Class"
  }, {
    "id" : "17",
    "type" : "owl:Class"
  }, {
    "id" : "21",
    "type" : "owl:Class"
  }, {
    "id" : "22",
    "type" : "owl:Class"
  }, {
    "id" : "23",
    "type" : "owl:Class"
  }, {
    "id" : "28",
    "type" : "owl:Class"
  }, {
    "id" : "33",
    "type" : "owl:Thing"
  }, {
    "id" : "34",
    "type" : "owl:Thing"
  }, {
    "id" : "35",
    "type" : "rdfs:Literal"
  }, {
    "id" : "36",
    "type" : "owl:Thing"
  }, {
    "id" : "37",
    "type" : "rdfs:Datatype"
  }, {
    "id" : "38",
    "type" : "rdfs:Datatype"
  }, {
    "id" : "20",
    "type" : "owl:Thing"
  }, {
    "id" : "39",
    "type" : "rdfs:Datatype"
  }, {
    "id" : "40",
    "type" : "owl:Class"
  }, {
    "id" : "26",
    "type" : "owl:Class"
  }, {
    "id" : "9",
    "type" : "owl:Class"
  }, {
    "id" : "48",
    "type" : "owl:Class"
  }, {
    "id" : "49",
    "type" : "owl:Class"
  }, {
    "id" : "47",
    "type" : "owl:Class"
  }, {
    "id" : "50",
    "type" : "owl:Class"
  }, {
    "id" : "52",
    "type" : "rdfs:Literal"
  }, {
    "id" : "6",
    "type" : "rdfs:Datatype"
  }, {
    "id" : "53",
    "type" : "rdfs:Literal"
  }, {
    "id" : "29",
    "type" : "rdfs:Datatype"
  }, {
    "id" : "54",
    "type" : "rdfs:Datatype"
  }, {
    "id" : "7",
    "type" : "rdfs:Datatype"
  }, {
    "id" : "30",
    "type" : "rdfs:Datatype"
  }, {
    "id" : "56",
    "type" : "rdfs:Datatype"
  }, {
    "id" : "57",
    "type" : "owl:Class"
  }, {
    "id" : "58",
    "type" : "rdfs:Datatype"
  }, {
    "id" : "59",
    "type" : "rdfs:Datatype"
  }, {
    "id" : "64",
    "type" : "owl:Class"
  }, {
    "id" : "71",
    "type" : "owl:Class"
  }, {
    "id" : "72",
    "type" : "owl:Class"
  }, {
    "id" : "70",
    "type" : "owl:Class"
  }, {
    "id" : "77",
    "type" : "owl:Class"
  }, {
    "id" : "2",
    "type" : "owl:Class"
  }, {
    "id" : "41",
    "type" : "owl:Class"
  }, {
    "id" : "1",
    "type" : "owl:Class"
  }, {
    "id" : "75",
    "type" : "owl:Class"
  }, {
    "id" : "44",
    "type" : "owl:Class"
  }, {
    "id" : "4",
    "type" : "owl:Class"
  }, {
    "id" : "117",
    "type" : "owl:Class"
  }, {
    "id" : "45",
    "type" : "owl:Class"
  }, {
    "id" : "128",
    "type" : "owl:Class"
  }, {
    "id" : "32",
    "type" : "owl:Class"
  }, {
    "id" : "97",
    "type" : "owl:Class"
  }, {
    "id" : "113",
    "type" : "owl:Class"
  }, {
    "id" : "16",
    "type" : "owl:Class"
  }, {
    "id" : "101",
    "type" : "owl:Class"
  }, {
    "id" : "24",
    "type" : "owl:Class"
  }, {
    "id" : "18",
    "type" : "owl:Class"
  }, {
    "id" : "27",
    "type" : "owl:Class"
  }, {
    "id" : "51",
    "type" : "owl:Class"
  }, {
    "id" : "95",
    "type" : "owl:Class"
  }, {
    "id" : "14",
    "type" : "rdfs:Datatype"
  }, {
    "id" : "79",
    "type" : "rdfs:Datatype"
  }, {
    "id" : "133",
    "type" : "rdfs:Datatype"
  }, {
    "id" : "88",
    "type" : "owl:Class"
  }, {
    "id" : "111",
    "type" : "rdfs:Datatype"
  }, {
    "id" : "143",
    "type" : "rdfs:Datatype"
  }, {
    "id" : "107",
    "type" : "rdfs:Datatype"
  }, {
    "id" : "93",
    "type" : "owl:Class"
  }, {
    "id" : "119",
    "type" : "owl:Class"
  }, {
    "id" : "124",
    "type" : "owl:Class"
  }, {
    "id" : "62",
    "type" : "owl:Class"
  }, {
    "id" : "122",
    "type" : "owl:Class"
  }, {
    "id" : "84",
    "type" : "owl:Class"
  }, {
    "id" : "25",
    "type" : "owl:Class"
  }, {
    "id" : "90",
    "type" : "owl:Class"
  }, {
    "id" : "61",
    "type" : "owl:Class"
  }, {
    "id" : "68",
    "type" : "owl:Class"
  }, {
    "id" : "66",
    "type" : "owl:Class"
  }, {
    "id" : "86",
    "type" : "owl:Class"
  }, {
    "id" : "76",
    "type" : "owl:Class"
  } ],
  "classAttribute" : [ {
    "iri" : "https://purl.org/turbbo#Point-biserial",
    "baseIri" : "https://purl.org/turbbo",
    "instances" : 0,
    "label" : {
      "IRI-based" : "Point-biserial",
      "undefined" : "Point-biserial"
    },
    "id" : "3",
    "superClasses" : [ "4" ]
  }, {
    "instances" : 0,
    "union" : [ "6", "7" ],
    "attributes" : [ "anonymous", "union" ],
    "id" : "5"
  }, {
    "iri" : "http://xmlns.com/foaf/0.1/Agent",
    "baseIri" : "http://xmlns.com/foaf/0.1",
    "instances" : 0,
    "label" : {
      "IRI-based" : "Agent"
    },
    "attributes" : [ "external" ],
    "id" : "10"
  }, {
    "iri" : "https://purl.org/turbbo#Spearman’s",
    "baseIri" : "https://purl.org/turbbo",
    "instances" : 0,
    "label" : {
      "IRI-based" : "Spearman’s",
      "undefined" : "Spearman’s"
    },
    "id" : "11",
    "superClasses" : [ "4" ]
  }, {
    "iri" : "http://www.semanticweb.org/ontologies/2021/4/untitled-ontology-59#Behaviour",
    "baseIri" : "http://www.semanticweb.org/ontologies/2021/4/untitled-ontology-59",
    "instances" : 0,
    "label" : {
      "IRI-based" : "Behaviour"
    },
    "attributes" : [ "external" ],
    "id" : "12"
  }, {
    "iri" : "https://purl.org/turbbo#autonomous",
    "baseIri" : "https://purl.org/turbbo",
    "instances" : 0,
    "label" : {
      "IRI-based" : "autonomous"
    },
    "id" : "17",
    "superClasses" : [ "18" ]
  }, {
    "iri" : "https://purl.org/turbbo#Motivation",
    "baseIri" : "https://purl.org/turbbo",
    "instances" : 0,
    "label" : {
      "IRI-based" : "Motivation",
      "undefined" : "Motivation"
    },
    "id" : "21"
  }, {
    "iri" : "https://purl.org/turbbo#Legality",
    "baseIri" : "https://purl.org/turbbo",
    "instances" : 0,
    "label" : {
      "IRI-based" : "Legality",
      "undefined" : "Legality"
    },
    "id" : "22"
  }, {
    "instances" : 0,
    "union" : [ "24", "25", "26", "27" ],
    "attributes" : [ "anonymous", "union" ],
    "id" : "23"
  }, {
    "instances" : 0,
    "union" : [ "29", "30" ],
    "attributes" : [ "anonymous", "union" ],
    "id" : "28"
  }, {
    "iri" : "http://www.w3.org/2002/07/owl#Thing",
    "baseIri" : "http://owl2vowl.de",
    "id" : "33",
    "label" : {
      "undefined" : "Thing"
    }
  }, {
    "iri" : "http://www.w3.org/2002/07/owl#Thing",
    "baseIri" : "http://owl2vowl.de",
    "id" : "34",
    "label" : {
      "undefined" : "Thing"
    }
  }, {
    "iri" : "http://www.w3.org/2000/01/rdf-schema#Literal",
    "id" : "35",
    "label" : {
      "IRI-based" : "Literal",
      "undefined" : "Literal"
    }
  }, {
    "iri" : "http://www.w3.org/2002/07/owl#Thing",
    "baseIri" : "http://owl2vowl.de",
    "id" : "36",
    "label" : {
      "undefined" : "Thing"
    }
  }, {
    "iri" : "http://www.w3.org/2001/XMLSchema#int",
    "baseIri" : "http://www.w3.org/2001/XMLSchema",
    "id" : "37",
    "label" : {
      "IRI-based" : "int"
    }
  }, {
    "iri" : "http://www.w3.org/2001/XMLSchema#decimal",
    "baseIri" : "http://www.w3.org/2001/XMLSchema",
    "id" : "38",
    "label" : {
      "IRI-based" : "decimal"
    }
  }, {
    "iri" : "http://www.w3.org/2002/07/owl#Thing",
    "baseIri" : "http://owl2vowl.de",
    "id" : "20",
    "label" : {
      "undefined" : "Thing"
    }
  }, {
    "iri" : "http://www.w3.org/2001/XMLSchema#boolean",
    "baseIri" : "http://www.w3.org/2001/XMLSchema",
    "id" : "39",
    "label" : {
      "IRI-based" : "boolean"
    }
  }, {
    "iri" : "https://purl.org/turbbo#CorrelationCoefficientConversionTool",
    "baseIri" : "https://purl.org/turbbo",
    "instances" : 0,
    "label" : {
      "IRI-based" : "CorrelationCoefficientConversionTool",
      "undefined" : "Correlation Coefficient Conversion Tool"
    },
    "subClasses" : [ "41" ],
    "id" : "40"
  }, {
    "iri" : "https://purl.org/turbbo#Context",
    "baseIri" : "https://purl.org/turbbo",
    "instances" : 0,
    "label" : {
      "IRI-based" : "Context",
      "undefined" : "Context"
    },
    "id" : "26"
  }, {
    "iri" : "https://purl.org/turbbo#Material",
    "baseIri" : "https://purl.org/turbbo",
    "instances" : 0,
    "label" : {
      "IRI-based" : "Material",
      "undefined" : "Material"
    },
    "id" : "9"
  }, {
    "iri" : "http://purl.obolibrary.org/obo/SEPIO_0000125",
    "baseIri" : "http://purl.obolibrary.org/obo",
    "instances" : 0,
    "label" : {
      "IRI-based" : "SEPIO_0000125"
    },
    "attributes" : [ "external" ],
    "id" : "48"
  }, {
    "iri" : "https://purl.org/turbbo#Skill",
    "baseIri" : "https://purl.org/turbbo",
    "instances" : 0,
    "annotations" : {
      "synonym" : [ {
        "identifier" : "synonym",
        "language" : "undefined",
        "value" : "Knowledge",
        "type" : "label"
      } ],
      "noteToSelf" : [ {
        "identifier" : "noteToSelf",
        "language" : "undefined",
        "value" : "further discussion on Knowledge and Skill. Also decide on how to include expertise level for a skill.",
        "type" : "label"
      } ]
    },
    "label" : {
      "IRI-based" : "Skill"
    },
    "id" : "49"
  }, {
    "iri" : "https://purl.org/turbbo#Intention",
    "baseIri" : "https://purl.org/turbbo",
    "instances" : 0,
    "label" : {
      "IRI-based" : "Intention",
      "undefined" : "Intention"
    },
    "id" : "47"
  }, {
    "iri" : "https://purl.org/turbbo#Eta_Squared",
    "baseIri" : "https://purl.org/turbbo",
    "instances" : 0,
    "label" : {
      "IRI-based" : "Eta_Squared",
      "undefined" : "Eta Squared"
    },
    "id" : "50",
    "superClasses" : [ "51" ]
  }, {
    "iri" : "http://www.w3.org/2000/01/rdf-schema#Literal",
    "baseIri" : "http://www.w3.org/2000/01/rdf-schema",
    "id" : "52",
    "label" : {
      "IRI-based" : "Literal",
      "undefined" : "Literal"
    }
  }, {
    "iri" : "http://purl.obolibrary.org/obo/IAO_0000100",
    "baseIri" : "http://purl.obolibrary.org/obo",
    "id" : "6",
    "label" : {
      "IRI-based" : "IAO_0000100"
    }
  }, {
    "iri" : "http://www.w3.org/2000/01/rdf-schema#Literal",
    "baseIri" : "http://www.w3.org/2000/01/rdf-schema",
    "id" : "53",
    "label" : {
      "IRI-based" : "Literal",
      "undefined" : "Literal"
    }
  }, {
    "iri" : "http://purl.obolibrary.org/obo/IAO_0000100",
    "baseIri" : "http://purl.obolibrary.org/obo",
    "id" : "29",
    "label" : {
      "IRI-based" : "IAO_0000100"
    }
  }, {
    "iri" : "http://www.w3.org/2001/XMLSchema#decimal",
    "baseIri" : "http://www.w3.org/2001/XMLSchema",
    "id" : "54",
    "label" : {
      "IRI-based" : "decimal"
    }
  }, {
    "iri" : "http://purl.obolibrary.org/obo/IAO_0000310",
    "baseIri" : "http://purl.obolibrary.org/obo",
    "id" : "7",
    "label" : {
      "IRI-based" : "IAO_0000310"
    }
  }, {
    "iri" : "http://purl.obolibrary.org/obo/IAO_0000310",
    "baseIri" : "http://purl.obolibrary.org/obo",
    "id" : "30",
    "label" : {
      "IRI-based" : "IAO_0000310"
    }
  }, {
    "iri" : "http://www.w3.org/2001/XMLSchema#boolean",
    "baseIri" : "http://www.w3.org/2001/XMLSchema",
    "id" : "56",
    "label" : {
      "IRI-based" : "boolean"
    }
  }, {
    "iri" : "http://xmlns.com/foaf/0.1/Person",
    "baseIri" : "http://xmlns.com/foaf/0.1",
    "instances" : 0,
    "label" : {
      "IRI-based" : "Person",
      "undefined" : "Person"
    },
    "attributes" : [ "external" ],
    "id" : "57"
  }, {
    "iri" : "http://www.w3.org/2001/XMLSchema#boolean",
    "baseIri" : "http://www.w3.org/2001/XMLSchema",
    "id" : "58",
    "label" : {
      "IRI-based" : "boolean"
    }
  }, {
    "iri" : "http://www.w3.org/2001/XMLSchema#boolean",
    "baseIri" : "http://www.w3.org/2001/XMLSchema",
    "id" : "59",
    "label" : {
      "IRI-based" : "boolean"
    }
  }, {
    "iri" : "https://purl.org/turbbo#Action",
    "baseIri" : "https://purl.org/turbbo",
    "instances" : 0,
    "label" : {
      "IRI-based" : "Action",
      "undefined" : "Action"
    },
    "id" : "64"
  }, {
    "iri" : "https://purl.org/turbbo#OWLClass_00000000000000000004",
    "baseIri" : "https://purl.org/turbbo",
    "instances" : 0,
    "label" : {
      "IRI-based" : "OWLClass_00000000000000000004",
      "en" : "MeasureValue"
    },
    "id" : "71"
  }, {
    "iri" : "https://purl.org/turbbo#Intrinsic",
    "baseIri" : "https://purl.org/turbbo",
    "instances" : 0,
    "label" : {
      "IRI-based" : "Intrinsic"
    },
    "id" : "72",
    "superClasses" : [ "18" ]
  }, {
    "iri" : "https://purl.org/turbbo#OWLClass_00000000000000000000",
    "baseIri" : "https://purl.org/turbbo",
    "instances" : 0,
    "label" : {
      "IRI-based" : "OWLClass_00000000000000000000",
      "en" : "Frequency"
    },
    "id" : "70",
    "superClasses" : [ "76" ]
  }, {
    "iri" : "https://purl.org/turbbo#Facilitator",
    "baseIri" : "https://purl.org/turbbo",
    "instances" : 0,
    "label" : {
      "IRI-based" : "Facilitator",
      "undefined" : "Facilitator"
    },
    "id" : "77"
  }, {
    "iri" : "https://purl.org/turbbo#Barrier",
    "baseIri" : "https://purl.org/turbbo",
    "instances" : 0,
    "label" : {
      "IRI-based" : "Barrier",
      "undefined" : "Barrier"
    },
    "id" : "2"
  }, {
    "iri" : "https://purl.org/turbbo#Psychometrica",
    "baseIri" : "https://purl.org/turbbo",
    "instances" : 0,
    "label" : {
      "IRI-based" : "Psychometrica"
    },
    "id" : "41",
    "superClasses" : [ "40" ]
  }, {
    "iri" : "https://purl.org/turbbo#Behaviour",
    "baseIri" : "https://purl.org/turbbo",
    "instances" : 0,
    "label" : {
      "IRI-based" : "Behaviour",
      "undefined" : "Behaviour"
    },
    "individuals" : [ {
      "iri" : "https://purl.org/turbbo/000000079",
      "baseIri" : "https://purl.org/turbbo",
      "labels" : {
        "IRI-based" : "000000079",
        "undefined" : "green apparel shopping"
      }
    }, {
      "iri" : "https://purl.org/turbbo/000000080",
      "baseIri" : "https://purl.org/turbbo",
      "labels" : {
        "IRI-based" : "000000080",
        "undefined" : "past recycling"
      }
    } ],
    "id" : "1"
  }, {
    "iri" : "https://purl.org/turbbo#Setting",
    "baseIri" : "https://purl.org/turbbo",
    "instances" : 0,
    "annotations" : {
      "definition" : [ {
        "identifier" : "definition",
        "language" : "undefined",
        "value" : "The environment within which a behaviour occurs. For example, at home, in school, etc.",
        "type" : "label"
      } ]
    },
    "label" : {
      "IRI-based" : "Setting"
    },
    "id" : "75"
  }, {
    "iri" : "http://purl.obolibrary.org/obo/IAO_0000311",
    "baseIri" : "http://purl.obolibrary.org/obo",
    "instances" : 0,
    "label" : {
      "IRI-based" : "IAO_0000311"
    },
    "subClasses" : [ "119", "124", "122" ],
    "attributes" : [ "external" ],
    "id" : "44"
  }, {
    "iri" : "https://purl.org/turbbo#Correlation_Type",
    "baseIri" : "https://purl.org/turbbo",
    "instances" : 0,
    "label" : {
      "IRI-based" : "Correlation_Type",
      "undefined" : "Correlation Type"
    },
    "subClasses" : [ "3", "113", "117", "11" ],
    "id" : "4"
  }, {
    "iri" : "https://purl.org/turbbo#Kendall_rank",
    "baseIri" : "https://purl.org/turbbo",
    "instances" : 0,
    "label" : {
      "IRI-based" : "Kendall_rank",
      "undefined" : "Kendall rank"
    },
    "id" : "117",
    "superClasses" : [ "4" ]
  }, {
    "iri" : "https://purl.org/turbbo#OWLClass_0000005",
    "baseIri" : "https://purl.org/turbbo",
    "instances" : 0,
    "label" : {
      "IRI-based" : "OWLClass_0000005",
      "en" : "DOI"
    },
    "id" : "45"
  }, {
    "iri" : "https://purl.org/turbbo#Goal",
    "baseIri" : "https://purl.org/turbbo",
    "instances" : 0,
    "label" : {
      "IRI-based" : "Goal",
      "undefined" : "Goal"
    },
    "id" : "128"
  }, {
    "iri" : "http://www.ontology-of-units-of-measure.org/resource/om-2/Measure",
    "baseIri" : "http://www.ontology-of-units-of-measure.org/resource/om-2",
    "instances" : 0,
    "label" : {
      "IRI-based" : "Measure"
    },
    "attributes" : [ "external" ],
    "id" : "32"
  }, {
    "iri" : "https://purl.org/turbbo#Physical",
    "baseIri" : "https://purl.org/turbbo",
    "instances" : 0,
    "label" : {
      "IRI-based" : "Physical"
    },
    "id" : "97",
    "superClasses" : [ "18" ]
  }, {
    "iri" : "https://purl.org/turbbo#Pearsons",
    "baseIri" : "https://purl.org/turbbo",
    "instances" : 0,
    "label" : {
      "IRI-based" : "Pearsons",
      "undefined" : "Pearsons"
    },
    "id" : "113",
    "superClasses" : [ "4" ]
  }, {
    "iri" : "https://purl.org/turbbo#Identity",
    "baseIri" : "https://purl.org/turbbo",
    "instances" : 0,
    "label" : {
      "IRI-based" : "Identity",
      "undefined" : "Identity"
    },
    "id" : "16"
  }, {
    "iri" : "http://purl.obolibrary.org/obo/IAO_0000027",
    "baseIri" : "http://purl.obolibrary.org/obo",
    "instances" : 0,
    "label" : {
      "IRI-based" : "IAO_0000027"
    },
    "subClasses" : [ "62", "51" ],
    "attributes" : [ "external" ],
    "id" : "101"
  }, {
    "iri" : "https://purl.org/turbbo#Effectiveness",
    "baseIri" : "https://purl.org/turbbo",
    "instances" : 0,
    "annotations" : {
      "noteToSelf" : [ {
        "identifier" : "noteToSelf",
        "language" : "undefined",
        "value" : "Revise this concept",
        "type" : "label"
      } ]
    },
    "label" : {
      "IRI-based" : "Effectiveness"
    },
    "id" : "24"
  }, {
    "iri" : "https://purl.org/turbbo#Nature",
    "baseIri" : "https://purl.org/turbbo",
    "instances" : 0,
    "annotations" : {
      "noteToSelf" : [ {
        "identifier" : "noteToSelf",
        "language" : "undefined",
        "value" : "Revise when Middle ontology is ready",
        "type" : "label"
      } ]
    },
    "label" : {
      "IRI-based" : "Nature"
    },
    "subClasses" : [ "17", "93", "72", "97", "95", "84" ],
    "id" : "18"
  }, {
    "iri" : "https://purl.org/turbbo#Outcome",
    "baseIri" : "https://purl.org/turbbo",
    "instances" : 0,
    "label" : {
      "IRI-based" : "Outcome",
      "undefined" : "Outcome"
    },
    "id" : "27"
  }, {
    "iri" : "https://purl.org/turbbo#effect_size",
    "baseIri" : "https://purl.org/turbbo",
    "instances" : 0,
    "label" : {
      "IRI-based" : "effect_size",
      "undefined" : "effect size"
    },
    "subClasses" : [ "50", "90" ],
    "id" : "51",
    "superClasses" : [ "101" ]
  }, {
    "iri" : "https://purl.org/turbbo#Controlled",
    "baseIri" : "https://purl.org/turbbo",
    "instances" : 0,
    "label" : {
      "IRI-based" : "Controlled"
    },
    "id" : "95",
    "superClasses" : [ "18" ]
  }, {
    "iri" : "http://www.w3.org/2001/XMLSchema#boolean",
    "baseIri" : "http://www.w3.org/2001/XMLSchema",
    "id" : "14",
    "label" : {
      "IRI-based" : "boolean"
    }
  }, {
    "iri" : "http://www.w3.org/2001/XMLSchema#boolean",
    "baseIri" : "http://www.w3.org/2001/XMLSchema",
    "id" : "79",
    "label" : {
      "IRI-based" : "boolean"
    }
  }, {
    "iri" : "http://www.w3.org/2001/XMLSchema#boolean",
    "baseIri" : "http://www.w3.org/2001/XMLSchema",
    "id" : "133",
    "label" : {
      "IRI-based" : "boolean"
    }
  }, {
    "iri" : "http://purl.obolibrary.org/obo/STATO_0000039",
    "baseIri" : "http://purl.obolibrary.org/obo",
    "instances" : 0,
    "label" : {
      "IRI-based" : "STATO_0000039"
    },
    "subClasses" : [ "86" ],
    "attributes" : [ "external" ],
    "id" : "88"
  }, {
    "iri" : "http://www.w3.org/2001/XMLSchema#boolean",
    "baseIri" : "http://www.w3.org/2001/XMLSchema",
    "id" : "111",
    "label" : {
      "IRI-based" : "boolean"
    }
  }, {
    "iri" : "http://www.w3.org/2001/XMLSchema#boolean",
    "baseIri" : "http://www.w3.org/2001/XMLSchema",
    "id" : "143",
    "label" : {
      "IRI-based" : "boolean"
    }
  }, {
    "iri" : "http://www.w3.org/2001/XMLSchema#boolean",
    "baseIri" : "http://www.w3.org/2001/XMLSchema",
    "id" : "107",
    "label" : {
      "IRI-based" : "boolean"
    }
  }, {
    "iri" : "https://purl.org/turbbo#extrinsic",
    "baseIri" : "https://purl.org/turbbo",
    "instances" : 0,
    "label" : {
      "IRI-based" : "extrinsic"
    },
    "id" : "93",
    "superClasses" : [ "18" ]
  }, {
    "iri" : "https://purl.org/turbbo/turrbo_0000014",
    "baseIri" : "https://purl.org/turbbo",
    "instances" : 0,
    "label" : {
      "IRI-based" : "turrbo_0000014",
      "undefined" : "thesis"
    },
    "attributes" : [ "external" ],
    "id" : "119",
    "superClasses" : [ "44" ]
  }, {
    "iri" : "https://purl.org/turbbo/turrbo_0000015",
    "baseIri" : "https://purl.org/turbbo",
    "instances" : 0,
    "label" : {
      "IRI-based" : "turrbo_0000015",
      "undefined" : "dissertation"
    },
    "attributes" : [ "external" ],
    "id" : "124",
    "superClasses" : [ "44" ]
  }, {
    "iri" : "https://purl.org/turbbo#Magnitude",
    "baseIri" : "https://purl.org/turbbo",
    "instances" : 0,
    "label" : {
      "IRI-based" : "Magnitude",
      "undefined" : "Magnitude"
    },
    "subClasses" : [ "61", "68", "66" ],
    "id" : "62",
    "superClasses" : [ "101" ]
  }, {
    "iri" : "https://purl.org/turbbo/turrbo_0000016",
    "baseIri" : "https://purl.org/turbbo",
    "instances" : 0,
    "label" : {
      "IRI-based" : "turrbo_0000016",
      "undefined" : "conference proceeding"
    },
    "attributes" : [ "external" ],
    "id" : "122",
    "superClasses" : [ "44" ]
  }, {
    "iri" : "https://purl.org/turbbo#Psychological",
    "baseIri" : "https://purl.org/turbbo",
    "instances" : 0,
    "label" : {
      "IRI-based" : "Psychological"
    },
    "id" : "84",
    "superClasses" : [ "18" ]
  }, {
    "iri" : "https://purl.org/turbbo#Impact",
    "baseIri" : "https://purl.org/turbbo",
    "instances" : 0,
    "label" : {
      "IRI-based" : "Impact",
      "undefined" : "Impact"
    },
    "id" : "25"
  }, {
    "iri" : "https://purl.org/turbbo#Odds_Ratios",
    "baseIri" : "https://purl.org/turbbo",
    "instances" : 0,
    "label" : {
      "IRI-based" : "Odds_Ratios",
      "undefined" : "Odds Ratios"
    },
    "id" : "90",
    "superClasses" : [ "51" ]
  }, {
    "iri" : "https://purl.org/turbbo/turrbo_0000026",
    "baseIri" : "https://purl.org/turbbo",
    "instances" : 0,
    "label" : {
      "IRI-based" : "turrbo_0000026",
      "undefined" : "small correlation"
    },
    "attributes" : [ "external" ],
    "id" : "61",
    "superClasses" : [ "62" ]
  }, {
    "iri" : "https://purl.org/turbbo/turrbo_0000027",
    "baseIri" : "https://purl.org/turbbo",
    "instances" : 0,
    "label" : {
      "IRI-based" : "turrbo_0000027",
      "undefined" : "medium correlation"
    },
    "attributes" : [ "external" ],
    "id" : "68",
    "superClasses" : [ "62" ]
  }, {
    "iri" : "https://purl.org/turbbo/turrbo_0000028",
    "baseIri" : "https://purl.org/turbbo",
    "instances" : 0,
    "label" : {
      "IRI-based" : "turrbo_0000028",
      "undefined" : "large correlation"
    },
    "attributes" : [ "external" ],
    "id" : "66",
    "superClasses" : [ "62" ]
  }, {
    "iri" : "https://purl.org/turbbo/turrbo_0000021",
    "baseIri" : "https://purl.org/turbbo",
    "instances" : 0,
    "label" : {
      "IRI-based" : "turrbo_0000021",
      "undefined" : "correlation coefficient r"
    },
    "individuals" : [ {
      "iri" : "https://purl.org/turbbo/000000081",
      "baseIri" : "https://purl.org/turbbo",
      "labels" : {
        "IRI-based" : "000000081",
        "undefined" : "0.07"
      }
    } ],
    "attributes" : [ "external" ],
    "id" : "86",
    "superClasses" : [ "88" ]
  }, {
    "iri" : "http://www.w3.org/2006/time#TemporalEntity",
    "baseIri" : "http://www.w3.org/2006/time",
    "instances" : 0,
    "label" : {
      "IRI-based" : "TemporalEntity"
    },
    "subClasses" : [ "70" ],
    "attributes" : [ "external" ],
    "id" : "76"
  } ],
  "property" : [ {
    "id" : "0",
    "type" : "owl:objectProperty"
  }, {
    "id" : "8",
    "type" : "owl:objectProperty"
  }, {
    "id" : "13",
    "type" : "owl:datatypeProperty"
  }, {
    "id" : "15",
    "type" : "owl:objectProperty"
  }, {
    "id" : "19",
    "type" : "owl:objectProperty"
  }, {
    "id" : "31",
    "type" : "owl:objectProperty"
  }, {
    "id" : "42",
    "type" : "owl:objectProperty"
  }, {
    "id" : "43",
    "type" : "owl:objectProperty"
  }, {
    "id" : "46",
    "type" : "owl:objectProperty"
  }, {
    "id" : "55",
    "type" : "owl:objectProperty"
  }, {
    "id" : "60",
    "type" : "rdfs:SubClassOf"
  }, {
    "id" : "63",
    "type" : "owl:objectProperty"
  }, {
    "id" : "65",
    "type" : "rdfs:SubClassOf"
  }, {
    "id" : "67",
    "type" : "rdfs:SubClassOf"
  }, {
    "id" : "69",
    "type" : "owl:objectProperty"
  }, {
    "id" : "73",
    "type" : "owl:objectProperty"
  }, {
    "id" : "74",
    "type" : "owl:objectProperty"
  }, {
    "id" : "78",
    "type" : "owl:datatypeProperty"
  }, {
    "id" : "80",
    "type" : "owl:datatypeProperty"
  }, {
    "id" : "81",
    "type" : "rdfs:SubClassOf"
  }, {
    "id" : "82",
    "type" : "owl:objectProperty"
  }, {
    "id" : "83",
    "type" : "rdfs:SubClassOf"
  }, {
    "id" : "85",
    "type" : "owl:objectProperty"
  }, {
    "id" : "87",
    "type" : "rdfs:SubClassOf"
  }, {
    "id" : "89",
    "type" : "rdfs:SubClassOf"
  }, {
    "id" : "91",
    "type" : "rdfs:SubClassOf"
  }, {
    "id" : "92",
    "type" : "rdfs:SubClassOf"
  }, {
    "id" : "94",
    "type" : "rdfs:SubClassOf"
  }, {
    "id" : "96",
    "type" : "rdfs:SubClassOf"
  }, {
    "id" : "98",
    "type" : "rdfs:SubClassOf"
  }, {
    "id" : "99",
    "type" : "owl:objectProperty"
  }, {
    "id" : "100",
    "type" : "rdfs:SubClassOf"
  }, {
    "id" : "102",
    "type" : "owl:objectProperty"
  }, {
    "id" : "103",
    "type" : "owl:objectProperty"
  }, {
    "id" : "104",
    "type" : "owl:datatypeProperty"
  }, {
    "id" : "105",
    "type" : "owl:datatypeProperty"
  }, {
    "id" : "106",
    "type" : "owl:datatypeProperty"
  }, {
    "id" : "108",
    "type" : "owl:datatypeProperty"
  }, {
    "id" : "109",
    "type" : "rdfs:SubClassOf"
  }, {
    "id" : "110",
    "type" : "owl:datatypeProperty"
  }, {
    "id" : "112",
    "type" : "rdfs:SubClassOf"
  }, {
    "id" : "114",
    "type" : "rdfs:SubClassOf"
  }, {
    "id" : "115",
    "type" : "rdfs:SubClassOf"
  }, {
    "id" : "116",
    "type" : "rdfs:SubClassOf"
  }, {
    "id" : "118",
    "type" : "rdfs:SubClassOf"
  }, {
    "id" : "120",
    "type" : "rdfs:SubClassOf"
  }, {
    "id" : "121",
    "type" : "rdfs:SubClassOf"
  }, {
    "id" : "123",
    "type" : "rdfs:SubClassOf"
  }, {
    "id" : "125",
    "type" : "owl:datatypeProperty"
  }, {
    "id" : "126",
    "type" : "owl:objectProperty"
  }, {
    "id" : "127",
    "type" : "owl:objectProperty"
  }, {
    "id" : "129",
    "type" : "owl:objectProperty"
  }, {
    "id" : "130",
    "type" : "owl:objectProperty"
  }, {
    "id" : "131",
    "type" : "owl:objectProperty"
  }, {
    "id" : "132",
    "type" : "owl:datatypeProperty"
  }, {
    "id" : "134",
    "type" : "owl:objectProperty"
  }, {
    "id" : "135",
    "type" : "owl:objectProperty"
  }, {
    "id" : "136",
    "type" : "owl:objectProperty"
  }, {
    "id" : "137",
    "type" : "owl:objectProperty"
  }, {
    "id" : "138",
    "type" : "rdfs:SubClassOf"
  }, {
    "id" : "139",
    "type" : "owl:datatypeProperty"
  }, {
    "id" : "140",
    "type" : "owl:objectProperty"
  }, {
    "id" : "141",
    "type" : "owl:someValuesFrom"
  }, {
    "id" : "142",
    "type" : "owl:someValuesFrom"
  }, {
    "id" : "144",
    "type" : "owl:objectProperty"
  }, {
    "id" : "145",
    "type" : "owl:datatypeProperty"
  }, {
    "id" : "147",
    "type" : "owl:datatypeProperty"
  }, {
    "id" : "149",
    "type" : "owl:someValuesFrom"
  }, {
    "id" : "150",
    "type" : "owl:objectProperty"
  }, {
    "id" : "151",
    "type" : "owl:someValuesFrom"
  }, {
    "id" : "152",
    "type" : "owl:datatypeProperty"
  }, {
    "id" : "153",
    "type" : "owl:objectProperty"
  }, {
    "id" : "154",
    "type" : "owl:datatypeProperty"
  }, {
    "id" : "155",
    "type" : "owl:objectProperty"
  }, {
    "id" : "156",
    "type" : "owl:objectProperty"
  }, {
    "id" : "157",
    "type" : "owl:objectProperty"
  }, {
    "id" : "158",
    "type" : "owl:datatypeProperty"
  }, {
    "id" : "159",
    "type" : "owl:objectProperty"
  } ],
  "propertyAttribute" : [ {
    "iri" : "https://purl.org/turbbo#restrictedBy",
    "baseIri" : "https://purl.org/turbbo",
    "range" : "2",
    "label" : {
      "IRI-based" : "restrictedBy"
    },
    "domain" : "1",
    "attributes" : [ "object" ],
    "id" : "0"
  }, {
    "iri" : "https://purl.org/turbbo#requiresMaterial",
    "baseIri" : "https://purl.org/turbbo",
    "range" : "9",
    "label" : {
      "IRI-based" : "requiresMaterial"
    },
    "domain" : "1",
    "attributes" : [ "object" ],
    "id" : "8"
  }, {
    "iri" : "http://www.semanticweb.org/ontologies/2021/4/untitled-ontology-59#isChangeable",
    "baseIri" : "http://www.semanticweb.org/ontologies/2021/4/untitled-ontology-59",
    "range" : "14",
    "label" : {
      "IRI-based" : "isChangeable"
    },
    "domain" : "12",
    "attributes" : [ "datatype", "external" ],
    "id" : "13"
  }, {
    "iri" : "https://purl.org/turbbo#isReflectiveOf",
    "baseIri" : "https://purl.org/turbbo",
    "range" : "16",
    "label" : {
      "IRI-based" : "isReflectiveOf"
    },
    "domain" : "1",
    "attributes" : [ "object" ],
    "id" : "15"
  }, {
    "iri" : "http://www.w3.org/2006/time#hasTime",
    "baseIri" : "http://www.w3.org/2006/time",
    "range" : "20",
    "label" : {
      "IRI-based" : "hasTime"
    },
    "domain" : "1",
    "attributes" : [ "object", "external" ],
    "id" : "19"
  }, {
    "iri" : "https://purl.org/turbbo#measuredBy",
    "baseIri" : "https://purl.org/turbbo",
    "range" : "32",
    "label" : {
      "IRI-based" : "measuredBy"
    },
    "domain" : "23",
    "attributes" : [ "object" ],
    "id" : "31"
  }, {
    "iri" : "https://purl.org/turbbo#hasType",
    "baseIri" : "https://purl.org/turbbo",
    "range" : "18",
    "label" : {
      "IRI-based" : "hasType"
    },
    "domain" : "21",
    "attributes" : [ "object" ],
    "id" : "42"
  }, {
    "iri" : "https://purl.org/turbbo#OWLObjectProperty_0000006",
    "baseIri" : "https://purl.org/turbbo",
    "range" : "45",
    "label" : {
      "IRI-based" : "OWLObjectProperty_0000006",
      "en" : "hasIdentifier"
    },
    "domain" : "44",
    "attributes" : [ "object" ],
    "id" : "43"
  }, {
    "iri" : "https://purl.org/turbbo#hasIntention",
    "baseIri" : "https://purl.org/turbbo",
    "range" : "47",
    "label" : {
      "IRI-based" : "hasIntention"
    },
    "domain" : "1",
    "attributes" : [ "object" ],
    "id" : "46"
  }, {
    "iri" : "https://purl.org/turbbo#hasLegality",
    "baseIri" : "https://purl.org/turbbo",
    "range" : "22",
    "label" : {
      "IRI-based" : "hasLegality"
    },
    "domain" : "1",
    "attributes" : [ "object" ],
    "id" : "55"
  }, {
    "range" : "62",
    "domain" : "61",
    "attributes" : [ "object", "anonymous" ],
    "id" : "60"
  }, {
    "iri" : "https://purl.org/turbbo#OWLObjectProperty_00000000000000000003",
    "baseIri" : "https://purl.org/turbbo",
    "range" : "64",
    "label" : {
      "IRI-based" : "OWLObjectProperty_00000000000000000003",
      "en" : "happensAfter"
    },
    "domain" : "64",
    "attributes" : [ "object" ],
    "id" : "63"
  }, {
    "range" : "62",
    "domain" : "66",
    "attributes" : [ "object", "anonymous" ],
    "id" : "65"
  }, {
    "range" : "62",
    "domain" : "68",
    "attributes" : [ "object", "anonymous" ],
    "id" : "67"
  }, {
    "iri" : "https://purl.org/turbbo#OWLObjectProperty_00000000000000000001",
    "baseIri" : "https://purl.org/turbbo",
    "range" : "70",
    "label" : {
      "IRI-based" : "OWLObjectProperty_00000000000000000001",
      "en" : "hasFrequency"
    },
    "domain" : "1",
    "attributes" : [ "object" ],
    "id" : "69"
  }, {
    "iri" : "https://purl.org/turbbo#OWLObjectProperty_00000000000000000002",
    "baseIri" : "https://purl.org/turbbo",
    "range" : "64",
    "label" : {
      "IRI-based" : "OWLObjectProperty_00000000000000000002",
      "en" : "happensBefore"
    },
    "domain" : "64",
    "attributes" : [ "object" ],
    "id" : "73"
  }, {
    "iri" : "https://purl.org/turbbo#occursIn",
    "baseIri" : "https://purl.org/turbbo",
    "range" : "75",
    "label" : {
      "IRI-based" : "occursIn"
    },
    "domain" : "1",
    "attributes" : [ "object" ],
    "id" : "74"
  }, {
    "iri" : "http://www.semanticweb.org/ontologies/2021/4/untitled-ontology-59#isDeliberate",
    "baseIri" : "http://www.semanticweb.org/ontologies/2021/4/untitled-ontology-59",
    "range" : "79",
    "label" : {
      "IRI-based" : "isDeliberate"
    },
    "domain" : "12",
    "attributes" : [ "datatype", "external" ],
    "id" : "78"
  }, {
    "iri" : "http://www.semanticweb.org/ontologies/2021/4/untitled-ontology-59#isNew",
    "baseIri" : "http://www.semanticweb.org/ontologies/2021/4/untitled-ontology-59",
    "range" : "56",
    "label" : {
      "IRI-based" : "isNew"
    },
    "domain" : "12",
    "attributes" : [ "datatype", "external" ],
    "id" : "80"
  }, {
    "range" : "51",
    "domain" : "50",
    "attributes" : [ "object", "anonymous" ],
    "id" : "81"
  }, {
    "iri" : "https://purl.org/turbbo/000000084",
    "baseIri" : "https://purl.org/turbbo",
    "range" : "62",
    "label" : {
      "IRI-based" : "000000084",
      "undefined" : "hasMagnitude"
    },
    "domain" : "51",
    "attributes" : [ "object", "external" ],
    "id" : "82"
  }, {
    "range" : "18",
    "domain" : "84",
    "attributes" : [ "object", "anonymous" ],
    "id" : "83"
  }, {
    "iri" : "https://purl.org/turbbo/000000083",
    "baseIri" : "https://purl.org/turbbo",
    "range" : "51",
    "label" : {
      "IRI-based" : "000000083",
      "undefined" : "hasEffectSize"
    },
    "domain" : "86",
    "attributes" : [ "object", "external" ],
    "id" : "85"
  }, {
    "range" : "88",
    "domain" : "86",
    "attributes" : [ "object", "anonymous" ],
    "id" : "87"
  }, {
    "range" : "51",
    "domain" : "90",
    "attributes" : [ "object", "anonymous" ],
    "id" : "89"
  }, {
    "range" : "18",
    "domain" : "72",
    "attributes" : [ "object", "anonymous" ],
    "id" : "91"
  }, {
    "range" : "18",
    "domain" : "93",
    "attributes" : [ "object", "anonymous" ],
    "id" : "92"
  }, {
    "range" : "18",
    "domain" : "95",
    "attributes" : [ "object", "anonymous" ],
    "id" : "94"
  }, {
    "range" : "18",
    "domain" : "97",
    "attributes" : [ "object", "anonymous" ],
    "id" : "96"
  }, {
    "range" : "18",
    "domain" : "17",
    "attributes" : [ "object", "anonymous" ],
    "id" : "98"
  }, {
    "iri" : "https://purl.org/turbbo#facilitatedBy",
    "baseIri" : "https://purl.org/turbbo",
    "range" : "77",
    "label" : {
      "IRI-based" : "facilitatedBy"
    },
    "domain" : "1",
    "attributes" : [ "object" ],
    "id" : "99"
  }, {
    "range" : "101",
    "domain" : "51",
    "attributes" : [ "object", "anonymous" ],
    "id" : "100"
  }, {
    "iri" : "https://purl.org/turbbo#produces",
    "baseIri" : "https://purl.org/turbbo",
    "range" : "36",
    "label" : {
      "IRI-based" : "produces"
    },
    "domain" : "48",
    "attributes" : [ "object" ],
    "id" : "102"
  }, {
    "iri" : "https://purl.org/turbbo#hasImpact",
    "baseIri" : "https://purl.org/turbbo",
    "range" : "25",
    "label" : {
      "IRI-based" : "hasImpact"
    },
    "domain" : "1",
    "attributes" : [ "object" ],
    "id" : "103"
  }, {
    "iri" : "http://xmlns.com/foaf/0.1/title",
    "baseIri" : "http://xmlns.com/foaf/0.1",
    "range" : "35",
    "label" : {
      "IRI-based" : "title"
    },
    "domain" : "57",
    "attributes" : [ "datatype", "external" ],
    "id" : "104"
  }, {
    "iri" : "https://purl.org/turbbo#hasValue",
    "baseIri" : "https://purl.org/turbbo",
    "range" : "54",
    "label" : {
      "IRI-based" : "hasValue"
    },
    "domain" : "101",
    "attributes" : [ "datatype" ],
    "id" : "105"
  }, {
    "iri" : "http://www.semanticweb.org/ontologies/2021/4/untitled-ontology-59#isMoral",
    "baseIri" : "http://www.semanticweb.org/ontologies/2021/4/untitled-ontology-59",
    "range" : "107",
    "label" : {
      "IRI-based" : "isMoral"
    },
    "domain" : "12",
    "attributes" : [ "datatype", "external" ],
    "id" : "106"
  }, {
    "iri" : "https://purl.org/turbbo/behaviour_properties/000000094",
    "baseIri" : "https://purl.org/turbbo/behaviour_properties",
    "range" : "39",
    "label" : {
      "IRI-based" : "000000094",
      "undefined" : "isLegal"
    },
    "domain" : "12",
    "attributes" : [ "datatype", "external" ],
    "id" : "108"
  }, {
    "range" : "101",
    "domain" : "62",
    "attributes" : [ "object", "anonymous" ],
    "id" : "109"
  }, {
    "iri" : "http://www.semanticweb.org/ontologies/2021/4/untitled-ontology-59#isHabit",
    "baseIri" : "http://www.semanticweb.org/ontologies/2021/4/untitled-ontology-59",
    "range" : "111",
    "label" : {
      "IRI-based" : "isHabit"
    },
    "domain" : "12",
    "attributes" : [ "datatype", "external" ],
    "id" : "110"
  }, {
    "range" : "4",
    "domain" : "113",
    "attributes" : [ "object", "anonymous" ],
    "id" : "112"
  }, {
    "range" : "4",
    "domain" : "3",
    "attributes" : [ "object", "anonymous" ],
    "id" : "114"
  }, {
    "range" : "4",
    "domain" : "11",
    "attributes" : [ "object", "anonymous" ],
    "id" : "115"
  }, {
    "range" : "4",
    "domain" : "117",
    "attributes" : [ "object", "anonymous" ],
    "id" : "116"
  }, {
    "range" : "44",
    "domain" : "119",
    "attributes" : [ "object", "anonymous" ],
    "id" : "118"
  }, {
    "range" : "40",
    "domain" : "41",
    "attributes" : [ "object", "anonymous" ],
    "id" : "120"
  }, {
    "range" : "44",
    "domain" : "122",
    "attributes" : [ "object", "anonymous" ],
    "id" : "121"
  }, {
    "range" : "44",
    "domain" : "124",
    "attributes" : [ "object", "anonymous" ],
    "id" : "123"
  }, {
    "iri" : "http://www.semanticweb.org/ontologies/2021/4/untitled-ontology-59#isOpportunistic",
    "baseIri" : "http://www.semanticweb.org/ontologies/2021/4/untitled-ontology-59",
    "range" : "59",
    "label" : {
      "IRI-based" : "isOpportunistic"
    },
    "domain" : "12",
    "attributes" : [ "datatype", "external" ],
    "id" : "125"
  }, {
    "iri" : "https://purl.org/turbbo#occursWithin",
    "baseIri" : "https://purl.org/turbbo",
    "range" : "26",
    "label" : {
      "IRI-based" : "occursWithin"
    },
    "domain" : "1",
    "attributes" : [ "object" ],
    "id" : "126"
  }, {
    "iri" : "https://purl.org/turbbo#correlatesWith",
    "baseIri" : "https://purl.org/turbbo",
    "range" : "1",
    "annotations" : {
      "definition" : [ {
        "identifier" : "definition",
        "language" : "undefined",
        "value" : "The property showing a relationship or connection between two behaviours. The sub-properties model the degree/strength and type of correlation using use Cohen’s (1992) criteria for the strength of correlations (i.e., if the correlation coefficient  r is 0.10 then it represents a small association,  if r is 0.30 then it is considered a medium correlation and  if r is 0.50 or more then the association is large).",
        "type" : "label"
      } ]
    },
    "label" : {
      "IRI-based" : "correlatesWith"
    },
    "domain" : "1",
    "attributes" : [ "object" ],
    "id" : "127"
  }, {
    "iri" : "http://www.ontology-of-units-of-measure.org/resource/om-2/hasValue",
    "baseIri" : "http://www.ontology-of-units-of-measure.org/resource/om-2",
    "range" : "71",
    "label" : {
      "IRI-based" : "hasValue"
    },
    "domain" : "32",
    "attributes" : [ "object", "external" ],
    "id" : "129"
  }, {
    "iri" : "https://purl.org/turbbo#isAuthor",
    "baseIri" : "https://purl.org/turbbo",
    "range" : "33",
    "label" : {
      "IRI-based" : "isAuthor"
    },
    "domain" : "10",
    "attributes" : [ "object" ],
    "id" : "130"
  }, {
    "iri" : "https://purl.org/turbbo#composedOf",
    "baseIri" : "https://purl.org/turbbo",
    "range" : "64",
    "label" : {
      "IRI-based" : "composedOf"
    },
    "domain" : "1",
    "attributes" : [ "object" ],
    "id" : "131"
  }, {
    "iri" : "http://www.semanticweb.org/ontologies/2021/4/untitled-ontology-59#isEffortless",
    "baseIri" : "http://www.semanticweb.org/ontologies/2021/4/untitled-ontology-59",
    "range" : "133",
    "label" : {
      "IRI-based" : "isEffortless"
    },
    "domain" : "12",
    "attributes" : [ "datatype", "external" ],
    "id" : "132"
  }, {
    "iri" : "https://purl.org/turbbo#requiresSkill",
    "baseIri" : "https://purl.org/turbbo",
    "range" : "49",
    "label" : {
      "IRI-based" : "requiresSkill"
    },
    "domain" : "1",
    "attributes" : [ "object" ],
    "id" : "134"
  }, {
    "iri" : "http://www.w3.org/2006/time#hasDuration",
    "baseIri" : "http://www.w3.org/2006/time",
    "range" : "20",
    "label" : {
      "IRI-based" : "hasDuration"
    },
    "domain" : "1",
    "attributes" : [ "object", "external" ],
    "id" : "135"
  }, {
    "iri" : "https://purl.org/turbbo#convertedWithTool",
    "baseIri" : "https://purl.org/turbbo",
    "range" : "40",
    "label" : {
      "IRI-based" : "convertedWithTool"
    },
    "domain" : "86",
    "attributes" : [ "object" ],
    "id" : "136"
  }, {
    "iri" : "https://purl.org/turbbo#hasOutcome",
    "baseIri" : "https://purl.org/turbbo",
    "range" : "27",
    "label" : {
      "IRI-based" : "hasOutcome"
    },
    "domain" : "1",
    "attributes" : [ "object" ],
    "id" : "137"
  }, {
    "range" : "76",
    "domain" : "70",
    "attributes" : [ "object", "anonymous" ],
    "id" : "138"
  }, {
    "iri" : "http://www.semanticweb.org/ontologies/2021/4/untitled-ontology-59#isOptional",
    "baseIri" : "http://www.semanticweb.org/ontologies/2021/4/untitled-ontology-59",
    "range" : "58",
    "label" : {
      "IRI-based" : "isOptional"
    },
    "domain" : "12",
    "attributes" : [ "datatype", "external" ],
    "id" : "139"
  }, {
    "iri" : "https://purl.org/turbbo#hasGoal",
    "baseIri" : "https://purl.org/turbbo",
    "range" : "128",
    "label" : {
      "IRI-based" : "hasGoal"
    },
    "domain" : "1",
    "attributes" : [ "object" ],
    "id" : "140"
  }, {
    "iri" : "https://purl.org/turbbo#convertedFrom",
    "baseIri" : "https://purl.org/turbbo",
    "range" : "88",
    "label" : {
      "IRI-based" : "convertedFrom"
    },
    "domain" : "86",
    "attributes" : [ "object", "someValues" ],
    "id" : "141"
  }, {
    "iri" : "https://purl.org/turbbo#convertedWithTool",
    "baseIri" : "https://purl.org/turbbo",
    "range" : "40",
    "label" : {
      "IRI-based" : "convertedWithTool"
    },
    "domain" : "86",
    "attributes" : [ "object", "someValues" ],
    "id" : "142"
  }, {
    "iri" : "https://purl.org/turbbo#motivatedBy",
    "baseIri" : "https://purl.org/turbbo",
    "range" : "21",
    "label" : {
      "IRI-based" : "motivatedBy"
    },
    "domain" : "1",
    "attributes" : [ "object" ],
    "id" : "144"
  }, {
    "iri" : "https://purl.org/turbbo/turrbo_0000018",
    "baseIri" : "https://purl.org/turbbo",
    "range" : "52",
    "label" : {
      "IRI-based" : "turrbo_0000018",
      "undefined" : "docTitle"
    },
    "domain" : "146",
    "attributes" : [ "datatype", "external" ],
    "id" : "145"
  }, {
    "iri" : "https://purl.org/turbbo/turrbo_0000019",
    "baseIri" : "https://purl.org/turbbo",
    "range" : "53",
    "label" : {
      "IRI-based" : "turrbo_0000019",
      "undefined" : "datasetName"
    },
    "domain" : "148",
    "attributes" : [ "datatype", "external" ],
    "id" : "147"
  }, {
    "iri" : "https://purl.org/turbbo#has_correlation_type",
    "baseIri" : "https://purl.org/turbbo",
    "range" : "4",
    "label" : {
      "IRI-based" : "has_correlation_type",
      "undefined" : "has correlation type"
    },
    "domain" : "86",
    "attributes" : [ "object", "someValues" ],
    "id" : "149"
  }, {
    "iri" : "https://purl.org/turbbo/turrbo_0000017",
    "baseIri" : "https://purl.org/turbbo",
    "range" : "1",
    "label" : {
      "IRI-based" : "turrbo_0000017",
      "undefined" : "measures"
    },
    "domain" : "48",
    "attributes" : [ "object", "external" ],
    "id" : "150"
  }, {
    "iri" : "https://purl.org/turbbo#convertedFrom",
    "baseIri" : "https://purl.org/turbbo",
    "range" : "51",
    "label" : {
      "IRI-based" : "convertedFrom"
    },
    "domain" : "86",
    "attributes" : [ "object", "someValues" ],
    "id" : "151"
  }, {
    "iri" : "http://www.semanticweb.org/ontologies/2021/4/untitled-ontology-59#isHeterogenous",
    "baseIri" : "http://www.semanticweb.org/ontologies/2021/4/untitled-ontology-59",
    "range" : "143",
    "label" : {
      "IRI-based" : "isHeterogenous"
    },
    "domain" : "12",
    "attributes" : [ "datatype", "external" ],
    "id" : "152"
  }, {
    "iri" : "https://purl.org/turbbo#toAchieve",
    "baseIri" : "https://purl.org/turbbo",
    "range" : "128",
    "label" : {
      "IRI-based" : "toAchieve"
    },
    "domain" : "47",
    "attributes" : [ "object" ],
    "id" : "153"
  }, {
    "iri" : "https://purl.org/turbbo/turrbo_0000025",
    "baseIri" : "https://purl.org/turbbo",
    "range" : "37",
    "label" : {
      "IRI-based" : "turrbo_0000025",
      "undefined" : "hasSampleSize"
    },
    "domain" : "86",
    "attributes" : [ "datatype", "external" ],
    "id" : "154"
  }, {
    "iri" : "https://purl.org/turbbo/turrbo_0000022",
    "baseIri" : "https://purl.org/turbbo",
    "range" : "1",
    "label" : {
      "IRI-based" : "turrbo_0000022",
      "undefined" : "relatesBehaviourA"
    },
    "domain" : "86",
    "attributes" : [ "object", "external" ],
    "id" : "155"
  }, {
    "iri" : "https://purl.org/turbbo/turrbo_0000023",
    "baseIri" : "https://purl.org/turbbo",
    "range" : "1",
    "label" : {
      "IRI-based" : "turrbo_0000023",
      "undefined" : "relatesBehaviourB"
    },
    "domain" : "86",
    "attributes" : [ "object", "external" ],
    "id" : "156"
  }, {
    "iri" : "https://purl.org/turbbo#hasEffectiveness",
    "baseIri" : "https://purl.org/turbbo",
    "range" : "24",
    "label" : {
      "IRI-based" : "hasEffectiveness"
    },
    "domain" : "1",
    "attributes" : [ "object" ],
    "id" : "157"
  }, {
    "iri" : "https://purl.org/turbbo/turrbo_0000024",
    "baseIri" : "https://purl.org/turbbo",
    "range" : "38",
    "label" : {
      "IRI-based" : "turrbo_0000024",
      "undefined" : "hasRValue"
    },
    "domain" : "86",
    "attributes" : [ "datatype", "external" ],
    "id" : "158"
  }, {
    "iri" : "https://purl.org/turbbo/turrbo_0000020",
    "baseIri" : "https://purl.org/turbbo",
    "range" : "34",
    "label" : {
      "IRI-based" : "turrbo_0000020",
      "undefined" : "hasParticipant"
    },
    "domain" : "34",
    "attributes" : [ "object", "external" ],
    "id" : "159"
  } ]
}